StartDate,EndDate,Status,Progress,Duration (in seconds),Finished,RecordedDate,PID,ExternalReference,LocationLatitude,LocationLongitude,DistributionChannel,UserLanguage,Age,CloseFrds_1,CloseFrds_2,CloseFrds_3,CloseFrds_4,CloseFrds_5,CloseFrds_6,SpendTime_1,SpendTime_2,SpendTime_3,SpendTime_4,SpendTime_5,SpendTime_6,SocAdvice_1,SocAdvice_2,SocAdvice_3,SocAdvice_4,SocAdvice_5,SocAdvice_6,NegEmoSupp_1,NegEmoSupp_2,NegEmoSupp_3,NegEmoSupp_4,NegEmoSupp_5,NegEmoSupp_6,PosEmoSupp_1,PosEmoSupp_2,PosEmoSupp_3,PosEmoSupp_4,PosEmoSupp_5,PosEmoSupp_6,Responsive_1,Responsive_2,Responsive_3,Responsive_4,Responsive_5,Responsive_6,EmpSupp_1,EmpSupp_2,EmpSupp_3,EmpSupp_4,EmpSupp_5,EmpSupp_6,PosAffPres_1,PosAffPres_2,PosAffPres_3,PosAffPres_4,PosAffPres_5,PosAffPres_6,NegAffPres_1,NegAffPres_2,NegAffPres_3,NegAffPres_4,NegAffPres_5,NegAffPres_6,Gossip_1,Gossip_2,Gossip_3,Gossip_4,Gossip_5,Gossip_6,Persuasive_1,Persuasive_2,Persuasive_3,Persuasive_4,Persuasive_5,Persuasive_6,Liked_1,Liked_2,Liked_3,Liked_4,Liked_5,Liked_6,PoliticalAttitudes1,PoliticalAttitudes2,PoliticalAttitudes3,PoliticalAttitudes4,PoliticalAttitudes5,PoliticalAttitudes6,GroupPolitics1,GroupPolitics2,GroupPolitics3,GroupPolitics4,GroupPolitics5,GroupPolitics6,MoralConvictions1,MoralConvictions2,MoralConvictions3,MoralConvictions4,Wellbeing_self_17,Lonely,Stressed,Satisfied,Rumination,Wellbeing_self_18,Social_Anxiety,Wellbeing_self_22,Anxiety_1,Anxiety_2,Wellbeing_self_19,Depression,Anhedonia,Wellbeing_self_21,Belonging,Q41_1,Q41_2,Q41_3,Q43_4,Q43_5,Q43_6,DID,NID
2018-11-25 14:01:49,2018-11-25 14:06:14,0,100,264,1,2018-11-25 14:06:14,VHjizYJkyi,,37.4235992431640625,-122.161895751953125,anonymous,EN,19,3vz8kuXpUz,uZjDufoxPs,,,,,3vz8kuXpUz,uZjDufoxPs,,,,,yixMHIJuFq,,,,,,OpWqm52qCB,,,,,,3vz8kuXpUz,,,,,,OpWqm52qCB,,,,,,OpWqm52qCB,,,,,,yixMHIJuFq,,,,,,Sl8bkR36rX,,,,,,OpWqm52qCB,,,,,,3vz8kuXpUz,,,,,,OpWqm52qCB,,,,,,23,21,21,21,21,21,21,21,21,21,19,19,20,19,21,20,3,4,4,2,4,3,3,4,4,3,2,3,4,4,34,Stanford Student Space Initiative,Stanford Synapse: Brain Injury Support Group,,,,,4,4
2018-11-25 14:06:05,2018-11-25 14:14:28,0,100,502,1,2018-11-25 14:14:28,dmpS0CyOzE,,37.4235992431640625,-122.161895751953125,anonymous,EN,19,3TiqEuGk6n,DaB6OHdq1a,9N2vSG5XKB,WfmSRpPuzL,JKYGh18hd6,I0Uu3KnrWZ,3TiqEuGk6n,DaB6OHdq1a,9N2vSG5XKB,WfmSRpPuzL,JKYGh18hd6,I0Uu3KnrWZ,DaB6OHdq1a,3TiqEuGk6n,JKYGh18hd6,WfmSRpPuzL,,,DaB6OHdq1a,JKYGh18hd6,,,,,WfmSRpPuzL,DaB6OHdq1a,,,,,9N2vSG5XKB,3TiqEuGk6n,JKYGh18hd6,WfmSRpPuzL,DaB6OHdq1a,,9N2vSG5XKB,,,,,,I0Uu3KnrWZ,3TiqEuGk6n,,,,,NONE,,,,,,DaB6OHdq1a,WfmSRpPuzL,,,,,I0Uu3KnrWZ,,,,,,9N2vSG5XKB,3TiqEuGk6n,,,,,20,23,19,23,20,21,21,23,21,23,21,21,21,21,21,21,4,3,5,5,2,5,1,4,4,2,5,1,2,3,35,Music Enriching the Lives of Developing Youth,Associated Students of Stanford University Speakers Bureau,,,,,4,4
2018-11-25 14:15:18,2018-11-25 14:26:44,0,100,685,1,2018-11-25 14:26:44,ifAMGibTO9,,37.8784027099609375,-122.2655029296875,anonymous,EN,18,rDinQRm16W,BfAnw7gIq3,xe3X2hSApt,,,,BfAnw7gIq3,rDinQRm16W,,,,,NONE,,,,,,NONE,,,,,,NONE,,,,,,rDinQRm16W,,,,,,xe3X2hSApt,,,,,,rDinQRm16W,BfAnw7gIq3,,,,,NONE,,,,,,ZtvvYEwqoQ,xe3X2hSApt,,,,,ZtvvYEwqoQ,xe3X2hSApt,,,,,mqiYO9LP3s,xe3X2hSApt,,,,,23,21,21,23,21,23,23,23,21,24,20,22,20,21,20,20,5,2,3,4,3,5,2,4,2,2,4,2,2,5,35,Stanford Table Tennis Club,None,None,,,,4,4
2018-11-25 14:14:14,2018-11-25 14:38:14,0,100,1440,1,2018-11-25 14:38:14,RZOCNeZDId,,37.4235992431640625,-122.161895751953125,anonymous,EN,18,4gbINa6DSz,1Fj3EmSbi9,b7NvhB2kJF,hEGdQGMGYy,Ox2D0RqGO3,uZjDufoxPs,Ox2D0RqGO3,hEGdQGMGYy,4gbINa6DSz,1Fj3EmSbi9,uZjDufoxPs,oFmEg5VrVP,MSo9TI3cUe,HsfezHa87a,zFMIWB264U,cdO95waeaT,hEGdQGMGYy,4gbINa6DSz,hEGdQGMGYy,HsfezHa87a,MSo9TI3cUe,,,,hEGdQGMGYy,,,,,,MSo9TI3cUe,hEGdQGMGYy,ageCLhiZ5g,G5PIoRIPAh,HsfezHa87a,zFMIWB264U,MSo9TI3cUe,HsfezHa87a,,,,,MSo9TI3cUe,HsfezHa87a,zFMIWB264U,cdO95waeaT,uZjDufoxPs,,NONE,,,,,,NONE,,,,,,zFMIWB264U,,,,,,zFMIWB264U,MSo9TI3cUe,HsfezHa87a,uZjDufoxPs,oFmEg5VrVP,cdO95waeaT,24,19,18,23,21,24,23,19,19,23,21,24,21,22,22,22,4,2,2,4,1,4,1,4,1,1,3,1,1,5,36,Stanford Solar Car Project,Stanford Student Space Initiative,Leland Stanford Junior University Marching Band,,,,4,4
2018-11-25 14:32:22,2018-11-25 14:39:30,0,100,427,1,2018-11-25 14:39:30,C5coo7JHBK,,33.8668975830078125,-118.068603515625,anonymous,EN,18,DpI62DO9wI,a5yiN1bcH5,yixMHIJuFq,9p6AqVIeLg,avWfrmpVcb,,DpI62DO9wI,a5yiN1bcH5,,,,,DpI62DO9wI,a5yiN1bcH5,,,,,a5yiN1bcH5,,,,,,a5yiN1bcH5,DpI62DO9wI,,,,,7Fu51QKfuk,a5yiN1bcH5,DpI62DO9wI,,,,a5yiN1bcH5,7Fu51QKfuk,yixMHIJuFq,,,,OpWqm52qCB,a5yiN1bcH5,mqiYO9LP3s,,,,DpI62DO9wI,,,,,,a5yiN1bcH5,,,,,,DpI62DO9wI,yixMHIJuFq,9p6AqVIeLg,,,,9p6AqVIeLg,a5yiN1bcH5,,,,,21,22,18,24,22,24,21,21,19,23,20,21,21,21,21,21,4,4,4,1,4,1,4,2,4,4,2,4,4,3,34,Ritmo!,,,,,,4,4
2018-11-25 14:20:16,2018-11-25 14:39:48,0,100,1172,1,2018-11-25 14:39:49,9N2vSG5XKB,,37.4235992431640625,-122.161895751953125,anonymous,EN,19,3TiqEuGk6n,dmpS0CyOzE,I0Uu3KnrWZ,JKYGh18hd6,9c55oZo4RA,eFAX7E1gsb,3TiqEuGk6n,dmpS0CyOzE,WfmSRpPuzL,DaB6OHdq1a,JKYGh18hd6,,MSo9TI3cUe,7Fu51QKfuk,3TiqEuGk6n,HsfezHa87a,JKYGh18hd6,,3TiqEuGk6n,JKYGh18hd6,dmpS0CyOzE,,,,3TiqEuGk6n,JKYGh18hd6,dmpS0CyOzE,WfmSRpPuzL,I0Uu3KnrWZ,DaB6OHdq1a,3TiqEuGk6n,JKYGh18hd6,dmpS0CyOzE,DaB6OHdq1a,7Fu51QKfuk,MSo9TI3cUe,3TiqEuGk6n,MSo9TI3cUe,7Fu51QKfuk,hv7YuTGQtf,JKYGh18hd6,WfmSRpPuzL,3TiqEuGk6n,JKYGh18hd6,7Fu51QKfuk,HsfezHa87a,,,AXMecxPlvk,,,,,,3TiqEuGk6n,JKYGh18hd6,WfmSRpPuzL,,,,I0Uu3KnrWZ,hv7YuTGQtf,DaB6OHdq1a,7Fu51QKfuk,HsfezHa87a,LjmQYisBVp,9N2vSG5XKB,3TiqEuGk6n,7Fu51QKfuk,HsfezHa87a,MSo9TI3cUe,LjmQYisBVp,23,18,18,22,19,21,22,19,20,23,19,23,22,22,22,22,4,5,5,2,5,5,4,2,5,5,3,4,3,3,36,O-Tone,CS+Social Good,Stanford Dragon Boat,,,,4,4
2018-11-25 14:32:47,2018-11-25 14:39:57,0,100,429,1,2018-11-25 14:39:57,BfSPfjdsJY,,37.4235992431640625,-122.161895751953125,anonymous,EN,18,soYFqRQsq9,Co9YeTnNS6,,,,,UVVRXQXC7P,,,,,,NONE,,,,,,NONE,,,,,,NONE,,,,,,NONE,,,,,,NONE,,,,,,NONE,,,,,,NONE,,,,,,NONE,,,,,,NONE,,,,,,NONE,,,,,,23,20,20,22,21,21,21,22,21,21,21,21,20,19,20,20,4,4,4,3,3,2,4,3,3,3,4,3,2,3,35,The Stanford Daily,,,,,,4,4
2018-11-25 14:31:29,2018-11-25 14:40:21,0,100,531,1,2018-11-25 14:40:21,LEJbOsQX0x,,38.24029541015625,-122.677703857421875,anonymous,EN,19,30pns63Ej7,WRhoFXozqP,305lYtmCXG,riO7cCo1Vb,DQUJyBdwwa,,30pns63Ej7,WRhoFXozqP,,,,,NONE,,,,,,NONE,,,,,,30pns63Ej7,DQUJyBdwwa,,,,,30pns63Ej7,DQUJyBdwwa,riO7cCo1Vb,,,,30pns63Ej7,DQUJyBdwwa,riO7cCo1Vb,7Fu51QKfuk,MSo9TI3cUe,cdO95waeaT,30pns63Ej7,DQUJyBdwwa,7Fu51QKfuk,,,,NONE,,,,,,30pns63Ej7,WRhoFXozqP,,,,,NONE,,,,,,30pns63Ej7,7Fu51QKfuk,cdO95waeaT,RUML4LtW0i,,,23,24,19,24,20,20,20,23,21,23,21,21,19,19,21,21,5,2,2,2,2,4,1,3,1,2,4,2,1,3,36,Stanford Running Club,Stanford Wind Symphony,Ceramics Club,,,,4,4
2018-11-25 14:29:47,2018-11-25 14:52:35,0,100,1368,1,2018-11-25 14:52:36,09sqjhTBY5,,37.4235992431640625,-122.161895751953125,anonymous,EN,20,3AAGUxui1L,RUML4LtW0i,JKYGh18hd6,Nj6Q27Doti,7Fu51QKfuk,CxrOXj2F0o,3AAGUxui1L,RUML4LtW0i,CxrOXj2F0o,JKYGh18hd6,,,7Fu51QKfuk,MSo9TI3cUe,HTkUtR3IUF,u1GkLEQAnA,HsfezHa87a,,3AAGUxui1L,7Fu51QKfuk,,,,,3AAGUxui1L,RUML4LtW0i,CxrOXj2F0o,,,,3AAGUxui1L,RUML4LtW0i,,,,,9N2vSG5XKB,3AAGUxui1L,HsfezHa87a,JKYGh18hd6,MSo9TI3cUe,lVMi7uH9A1,zFMIWB264U,HsfezHa87a,9N2vSG5XKB,7Fu51QKfuk,LjmQYisBVp,,NONE,,,,,,3AAGUxui1L,CxrOXj2F0o,RUML4LtW0i,,,,LjmQYisBVp,HsfezHa87a,zFMIWB264U,,,,9N2vSG5XKB,7Fu51QKfuk,HsfezHa87a,LjmQYisBVp,93IT10wOlh,lVMi7uH9A1,23,23,18,24,21,22,21,22,20,23,21,21,19,20,20,20,2,2,2,4,2,3,1,3,2,2,3,1,1,4,35,Stanford Video Game Association,"Out in Science, Technology, Engineering and Mathematics at Stanford",None,,,,4,4
2018-11-25 14:58:28,2018-11-25 15:04:27,0,100,358,1,2018-11-25 15:04:27,VJSSqAjigS,,37.4235992431640625,-122.161895751953125,anonymous,EN,20,NONE,,,,,,NONE,,,,,,NONE,,,,,,NONE,,,,,,NONE,,,,,,NONE,,,,,,cdO95waeaT,HTkUtR3IUF,,,,,NONE,,,,,,NONE,,,,,,NONE,,,,,,NONE,,,,,,NONE,,,,,,22,23,20,24,21,21,22,23,22,22,19,22,20,20,21,21,4,4,2,2,5,4,2,2,2,4,3,5,3,3,35,Other,Other,,Stanford Softball,Frosh 101,,4,4
2018-11-25 14:56:53,2018-11-25 15:05:16,0,100,503,1,2018-11-25 15:05:16,3vz8kuXpUz,,34.203704833984375,-84.1031036376953125,anonymous,EN,18,VHjizYJkyi,uZjDufoxPs,n08loMfJH7,hEGdQGMGYy,oFmEg5VrVP,OvKWMaI0QD,Sl8bkR36rX,VHjizYJkyi,uZjDufoxPs,OvKWMaI0QD,,,cdO95waeaT,MSo9TI3cUe,HTkUtR3IUF,,,,VHjizYJkyi,FDU1b2Ylqq,uZjDufoxPs,,,,VHjizYJkyi,uZjDufoxPs,,,,,MSo9TI3cUe,cdO95waeaT,,,,,MSo9TI3cUe,VHjizYJkyi,uZjDufoxPs,,,,VHjizYJkyi,,,,,,NONE,,,,,,VHjizYJkyi,uZjDufoxPs,,,,,oFmEg5VrVP,,,,,,uZjDufoxPs,,,,,,24,19,20,23,22,19,21,22,20,23,19,22,20,21,21,21,4,2,4,2,3,4,2,2,3,1,3,1,1,5,35,Asia-Pacific Student Entreprenuership Society,XTRM,CS+Social Good,,,,4,4
2018-11-25 14:57:13,2018-11-25 15:34:08,0,100,2215,1,2018-11-25 15:34:09,rDinQRm16W,,37.4235992431640625,-122.161895751953125,anonymous,EN,18,ifAMGibTO9,wlePP9RE4T,BfAnw7gIq3,gwbuiSH4jb,xwDKYVEmBz,EzEKw1zpAO,BfAnw7gIq3,Nq5rVaQwQs,wlePP9RE4T,ifAMGibTO9,gwbuiSH4jb,xwDKYVEmBz,xwDKYVEmBz,a5yiN1bcH5,eFAX7E1gsb,ifAMGibTO9,xe3X2hSApt,EzEKw1zpAO,BfAnw7gIq3,,,,,,BfAnw7gIq3,,,,,,LjmQYisBVp,yixMHIJuFq,OpWqm52qCB,,,,mqiYO9LP3s,LjmQYisBVp,yixMHIJuFq,xwDKYVEmBz,,,mqiYO9LP3s,OpWqm52qCB,yixMHIJuFq,,,,OvKWMaI0QD,AXMecxPlvk,tyKxYflgzB,,,,ZtvvYEwqoQ,xe3X2hSApt,wlePP9RE4T,ifAMGibTO9,BfAnw7gIq3,yixMHIJuFq,NONE,,,,,,wlePP9RE4T,yixMHIJuFq,Co9YeTnNS6,rIB9BMY7WX,,,24,20,18,24,21,24,21,21,21,21,21,21,21,21,19,22,4,5,3,3,2,4,2,3,3,2,3,1,2,4,35,Code the Change,InterVarsity Christian Fellowship,Chi Alpha Christian Fellowship,,,,4,4
2018-11-25 15:20:36,2018-11-25 15:44:34,0,100,1438,1,2018-11-25 15:44:35,xwDKYVEmBz,,37.4235992431640625,-122.161895751953125,anonymous,EN,18,NONE,,,,,,DpI62DO9wI,EzEKw1zpAO,9p6AqVIeLg,a5yiN1bcH5,rDinQRm16W,avWfrmpVcb,7Fu51QKfuk,cdO95waeaT,HTkUtR3IUF,,,,hIwvHt3Hkb,,,,,,avWfrmpVcb,DpI62DO9wI,hIwvHt3Hkb,,,,avWfrmpVcb,DpI62DO9wI,yixMHIJuFq,9p6AqVIeLg,cdO95waeaT,7Fu51QKfuk,a5yiN1bcH5,9p6AqVIeLg,EzEKw1zpAO,uZjDufoxPs,MSo9TI3cUe,Co9YeTnNS6,wv648zSEyQ,hIwvHt3Hkb,uZjDufoxPs,,,,NONE,,,,,,avWfrmpVcb,4MekWTlsEc,EzEKw1zpAO,DpI62DO9wI,,,yixMHIJuFq,4MekWTlsEc,9p6AqVIeLg,uZjDufoxPs,,,HTkUtR3IUF,cdO95waeaT,LjmQYisBVp,HsfezHa87a,yixMHIJuFq,MSo9TI3cUe,24,21,19,24,19,21,23,22,,22,,,19,20,21,20,2,1,4,2,1,4,1,1,4,2,3,1,1,4,35,O-Tone,Fullout Funk Squad,Stanford Womens Club Lacrosse,,,,4,4
2018-11-25 15:35:19,2018-11-25 15:48:41,0,100,802,1,2018-11-25 15:48:42,lVMi7uH9A1,,37.4235992431640625,-122.161895751953125,anonymous,EN,20,5JWVDX2oWd,HsfezHa87a,tyKxYflgzB,I0Uu3KnrWZ,qpJqRblVtj,Myk9z6sIcg,5JWVDX2oWd,HsfezHa87a,zFMIWB264U,655rcW7fBy,Myk9z6sIcg,X0glhRvEc2,5JWVDX2oWd,HsfezHa87a,qpJqRblVtj,JKYGh18hd6,,,qpJqRblVtj,5JWVDX2oWd,JKYGh18hd6,,,,5JWVDX2oWd,qpJqRblVtj,HsfezHa87a,MSo9TI3cUe,tyKxYflgzB,JKYGh18hd6,5JWVDX2oWd,JKYGh18hd6,MSo9TI3cUe,HsfezHa87a,Myk9z6sIcg,qpJqRblVtj,Myk9z6sIcg,qpJqRblVtj,93IT10wOlh,MSo9TI3cUe,cdO95waeaT,9N2vSG5XKB,qpJqRblVtj,5JWVDX2oWd,Myk9z6sIcg,655rcW7fBy,tyKxYflgzB,MSo9TI3cUe,NONE,,,,,,5JWVDX2oWd,qpJqRblVtj,,,,,I0Uu3KnrWZ,tyKxYflgzB,qpJqRblVtj,,,,tyKxYflgzB,MSo9TI3cUe,cdO95waeaT,ageCLhiZ5g,OvKWMaI0QD,9N2vSG5XKB,21,23,19,23,19,22,,,20,23,,21,20,20,20,20,3,3,4,4,2,4,1,3,2,1,3,3,2,5,36,Stanford Spoken Word Collective,Stanford Creative Writing Society,None,,,,4,4
2018-11-25 16:04:51,2018-11-25 16:17:56,0,100,785,1,2018-11-25 16:17:56,kAW4IEZq4k,,37.735107421875,-122.24310302734375,anonymous,EN,18,IhgbIsMlsE,S20np09g72,cdO95waeaT,HsfezHa87a,EzEKw1zpAO,3TiqEuGk6n,IhgbIsMlsE,HsfezHa87a,EzEKw1zpAO,S20np09g72,3TiqEuGk6n,cdO95waeaT,HsfezHa87a,ageCLhiZ5g,cdO95waeaT,,,,IhgbIsMlsE,,,,,,IhgbIsMlsE,S20np09g72,,,,,IhgbIsMlsE,,,,,,IhgbIsMlsE,HsfezHa87a,,,,,IhgbIsMlsE,,,,,,NONE,,,,,,NONE,,,,,,NONE,,,,,,HsfezHa87a,IhgbIsMlsE,MSo9TI3cUe,,,,23,18,23,20,20,21,21,21,21,22,21,21,21,21,21,21,4,3,5,3,4,3,4,3,4,4,3,4,4,3,35,Latter-day Saint Student Association,Stanford Cooking Society,,,,,4,4
2018-11-25 16:18:26,2018-11-25 16:27:28,0,100,542,1,2018-11-25 16:27:29,qpJqRblVtj,,51.350006103515625,-0.033294677734375,anonymous,EN,19,pIBAV3LSfI,tyKxYflgzB,93IT10wOlh,Myk9z6sIcg,,,pIBAV3LSfI,,,,,,pIBAV3LSfI,,,,,,pIBAV3LSfI,,,,,,pIBAV3LSfI,93IT10wOlh,tyKxYflgzB,Myk9z6sIcg,,,pIBAV3LSfI,tyKxYflgzB,93IT10wOlh,Myk9z6sIcg,,,NONE,,,,,,pIBAV3LSfI,tyKxYflgzB,93IT10wOlh,,,,,,NONE,,,,pIBAV3LSfI,tyKxYflgzB,Myk9z6sIcg,,,,tyKxYflgzB,,,,,,93IT10wOlh,tyKxYflgzB,pIBAV3LSfI,,,,23,23,22,24,23,24,22,20,20,23,19,20,19,21,20,18,4,3,5,5,4,4,2,4,4,3,3,2,3,5,36,Other,Other,,The Stanford Harmonics,The Stanford Apline Project,,4,4
2018-11-25 16:19:08,2018-11-25 16:28:29,0,100,560,1,2018-11-25 16:28:29,PmaUhQrutt,,37.4235992431640625,-122.161895751953125,anonymous,EN,24,NONE,NONE,NONE,,,,NONE,NONE,NONE,,,,NONE,NONE,NONE,,,,NONE,NONE,NONE,,,,NONE,NONE,NONE,,,,NONE,NONE,NONE,NONE,,,NONE,NONE,NONE,NONE,,,NONE,NONE,NONE,NONE,,,NONE,NONE,NONE,NONE,,,NONE,NONE,NONE,,,,NONE,NONE,NONE,,,,NONE,NONE,NONE,,,,23,21,21,24,21,21,23,23,21,24,23,22,20,20,19,19,4,4,4,2,4,4,3,1,4,4,4,4,4,3,35,Prefer not to answer,Prefer not to answer,Prefer not to answer,,,,4,4
2018-11-25 16:39:48,2018-11-25 16:42:59,0,100,191,1,2018-11-25 16:42:59,4JUkminEM3,,37.4235992431640625,-122.161895751953125,anonymous,EN,19,NONE,,,,,,NONE,,,,,,NONE,,,,,,NONE,,,,,,NONE,,,,,,NONE,,,,,,NONE,,,,,,NONE,,,,,,NONE,,,,,,NONE,,,,,,NONE,,,,,,NONE,,,,,,21,21,21,21,21,21,21,21,21,21,21,21,20,20,20,20,3,3,3,3,3,3,3,3,3,3,3,3,3,3,36,Prefer not to answer,,,,,,4,4
2018-11-25 17:04:42,2018-11-25 17:20:43,0,100,960,1,2018-11-25 17:20:44,3TiqEuGk6n,,37.4235992431640625,-122.161895751953125,anonymous,EN,19,9N2vSG5XKB,dmpS0CyOzE,WfmSRpPuzL,I0Uu3KnrWZ,JKYGh18hd6,,9N2vSG5XKB,dmpS0CyOzE,WfmSRpPuzL,I0Uu3KnrWZ,JKYGh18hd6,,yixMHIJuFq,dmpS0CyOzE,WfmSRpPuzL,I0Uu3KnrWZ,JKYGh18hd6,,9N2vSG5XKB,I0Uu3KnrWZ,dmpS0CyOzE,WfmSRpPuzL,JKYGh18hd6,,9N2vSG5XKB,I0Uu3KnrWZ,dmpS0CyOzE,WfmSRpPuzL,JKYGh18hd6,,9N2vSG5XKB,dmpS0CyOzE,WfmSRpPuzL,JKYGh18hd6,I0Uu3KnrWZ,,9N2vSG5XKB,dmpS0CyOzE,JKYGh18hd6,WfmSRpPuzL,,,9N2vSG5XKB,dmpS0CyOzE,WfmSRpPuzL,JKYGh18hd6,I0Uu3KnrWZ,,NONE,,,,,,9N2vSG5XKB,I0Uu3KnrWZ,JKYGh18hd6,dmpS0CyOzE,WfmSRpPuzL,,9N2vSG5XKB,I0Uu3KnrWZ,JKYGh18hd6,,,,9N2vSG5XKB,dmpS0CyOzE,WfmSRpPuzL,I0Uu3KnrWZ,JKYGh18hd6,hv7YuTGQtf,23,22,20,22,21,23,22,22,21,21,21,21,20,21,21,21,4,2,4,3,3,5,3,2,3,2,4,2,1,4,35,Challah for Hunger,Stanford Student Space Initiative,None,,,,4,4
2018-11-25 17:05:40,2018-11-25 17:34:41,0,100,1740,1,2018-11-25 17:34:42,ojMKuYCNqK,,37.4235992431640625,-122.161895751953125,anonymous,EN,18,yrZOdNoPiU,ZvNLxUauGr,a5yiN1bcH5,d57my2QjFA,HTkUtR3IUF,mqiYO9LP3s,yrZOdNoPiU,a5yiN1bcH5,ZvNLxUauGr,d57my2QjFA,Gi3TltVJiP,HTkUtR3IUF,a5yiN1bcH5,yrZOdNoPiU,d57my2QjFA,09sqjhTBY5,wv648zSEyQ,Gi3TltVJiP,a5yiN1bcH5,yrZOdNoPiU,d57my2QjFA,wEzJlSmMXA,UE7Jbnnv9s,2v6JF3DEgM,yrZOdNoPiU,wlePP9RE4T,d57my2QjFA,a5yiN1bcH5,mqiYO9LP3s,Gi3TltVJiP,mqiYO9LP3s,a5yiN1bcH5,RhrK04gsRR,d57my2QjFA,wv648zSEyQ,xe3X2hSApt,wv648zSEyQ,a5yiN1bcH5,uZjDufoxPs,mqiYO9LP3s,305lYtmCXG,UE7Jbnnv9s,a5yiN1bcH5,yrZOdNoPiU,Gi3TltVJiP,mqiYO9LP3s,OpWqm52qCB,wv648zSEyQ,RhrK04gsRR,tyKxYflgzB,YSZB8psFXt,rIB9BMY7WX,4MekWTlsEc,finQiEyOuw,a5yiN1bcH5,EzEKw1zpAO,49l91ISlZi,Gi3TltVJiP,yrZOdNoPiU,ZvNLxUauGr,ojMKuYCNqK,4MekWTlsEc,5FHxCYhMDn,VHjizYJkyi,EzEKw1zpAO,MSo9TI3cUe,uZjDufoxPs,OpWqm52qCB,mqiYO9LP3s,wv648zSEyQ,UE7Jbnnv9s,ojMKuYCNqK,20,20,18,24,21,21,23,21,19,23,21,21,21,21,21,21,3,4,5,1,4,3,2,2,5,4,2,5,4,2,33,Health Education Lifetime Partnerships (HELP) for Kids,Other,Other,East Palo Alto Student Academy,SCOPE: Be a Good Doctor,,4,4
2018-11-25 17:10:06,2018-11-25 18:14:46,0,100,3880,1,2018-11-25 18:14:47,OlIsJ2hmis,,38.50909423828125,-121.493499755859375,anonymous,EN,18,wlePP9RE4T,OvKWMaI0QD,1a4mxEqd5V,t1bBFZsqOL,MSo9TI3cUe,HsfezHa87a,wlePP9RE4T,OvKWMaI0QD,HsfezHa87a,,,,wlePP9RE4T,HsfezHa87a,MSo9TI3cUe,t1bBFZsqOL,,,wlePP9RE4T,HsfezHa87a,MSo9TI3cUe,,,,wlePP9RE4T,t1bBFZsqOL,HsfezHa87a,MSo9TI3cUe,OvKWMaI0QD,,wlePP9RE4T,MSo9TI3cUe,HsfezHa87a,,,,wlePP9RE4T,HsfezHa87a,MSo9TI3cUe,,,,HsfezHa87a,MSo9TI3cUe,wlePP9RE4T,OvKWMaI0QD,1a4mxEqd5V,t1bBFZsqOL,NONE,,,,,,wlePP9RE4T,t1bBFZsqOL,,,,,HsfezHa87a,wlePP9RE4T,MSo9TI3cUe,,,,HsfezHa87a,MSo9TI3cUe,wlePP9RE4T,OvKWMaI0QD,1a4mxEqd5V,,24,20,19,24,20,23,23,19,18,23,19,23,20,20,21,21,1,5,5,2,4,2,4,1,3,4,2,5,5,2,33,Other,Stanford Student Space Initiative,Stanford In Government,,Leland Scholars Progra,,4,4
2018-11-25 17:58:23,2018-11-25 18:21:36,0,100,1393,1,2018-11-25 18:21:37,IhgbIsMlsE,,37.4235992431640625,-122.161895751953125,anonymous,EN,19,4JUkminEM3,DxjncaCXBa,Ugp6B5ycfU,,,,4JUkminEM3,DxjncaCXBa,,,,,4JUkminEM3,DxjncaCXBa,,,,,4JUkminEM3,DxjncaCXBa,,,,,4JUkminEM3,DxjncaCXBa,,,,,4JUkminEM3,DxjncaCXBa,Ugp6B5ycfU,,,,4JUkminEM3,DxjncaCXBa,HsfezHa87a,MSo9TI3cUe,uZjDufoxPs,,4JUkminEM3,DxjncaCXBa,MSo9TI3cUe,cdO95waeaT,HsfezHa87a,LjmQYisBVp,NONE,,,,,,4JUkminEM3,DxjncaCXBa,,,,,uZjDufoxPs,zFMIWB264U,OvKWMaI0QD,,,,uZjDufoxPs,zFMIWB264U,MSo9TI3cUe,OvKWMaI0QD,xwDKYVEmBz,43iUV5POTQ,22,19,19,24,20,23,22,19,21,23,21,21,20,20,21,21,4,2,3,4,2,4,2,4,3,2,3,1,1,3,35,Stanford Student Space Initiative,Reformed University Fellowship at Stanford,Singaporeans at Stanford,,,,4,4
2018-11-25 16:57:59,2018-11-25 19:12:16,0,100,8057,1,2018-11-25 19:12:16,W4u90ar68b,,37.4235992431640625,-122.161895751953125,anonymous,EN,19,TP05RPQ6Dn,,,,,,TP05RPQ6Dn,,,,,,TP05RPQ6Dn,,,,,,TP05RPQ6Dn,,,,,,TP05RPQ6Dn,,,,,,TP05RPQ6Dn,,,,,,TP05RPQ6Dn,,,,,,TP05RPQ6Dn,,,,,,NONE,,,,,,TP05RPQ6Dn,,,,,,NONE,,,,,,NONE,,,,,,23,23,21,24,19,21,23,21,21,21,21,21,21,21,21,21,4,2,4,5,2,5,2,4,2,2,4,1,2,5,34,"FLIP: First-Generation, Low-Income Partnership",None,None,,,,4,4
2018-11-25 19:16:51,2018-11-25 19:25:07,0,100,495,1,2018-11-25 19:25:07,TP05RPQ6Dn,,37.4235992431640625,-122.161895751953125,anonymous,EN,19,W4u90ar68b,,,,,,W4u90ar68b,,,,,,W4u90ar68b,,,,,,W4u90ar68b,,,,,,W4u90ar68b,,,,,,W4u90ar68b,,,,,,W4u90ar68b,,,,,,W4u90ar68b,,,,,,NONE,,,,,,W4u90ar68b,,,,,,W4u90ar68b,,,,,,W4u90ar68b,,,,,,23,23,24,24,21,21,22,22,24,24,21,21,19,19,19,20,4,3,5,4,3,3,4,3,3,5,5,5,3,4,33,"FLIP: First-Generation, Low-Income Partnership",Society of Black Scientists and Engineers,None,,,,4,4
2018-11-25 19:16:40,2018-11-25 19:37:12,0,100,1231,1,2018-11-25 19:37:12,WfmSRpPuzL,,37.7382965087890625,-121.43450164794921875,anonymous,EN,19,dmpS0CyOzE,9N2vSG5XKB,3TiqEuGk6n,hv7YuTGQtf,X0glhRvEc2,5JWVDX2oWd,dmpS0CyOzE,X0glhRvEc2,3TiqEuGk6n,5JWVDX2oWd,9N2vSG5XKB,hv7YuTGQtf,cdO95waeaT,HsfezHa87a,dmpS0CyOzE,,,,9N2vSG5XKB,3TiqEuGk6n,,,,,dmpS0CyOzE,9N2vSG5XKB,3TiqEuGk6n,,,,9N2vSG5XKB,3TiqEuGk6n,dmpS0CyOzE,,,,3TiqEuGk6n,9N2vSG5XKB,,,,,5JWVDX2oWd,cnHuPnLlYy,3TiqEuGk6n,,,,NONE,,,,,,dmpS0CyOzE,X0glhRvEc2,,,,,I0Uu3KnrWZ,,,,,,3TiqEuGk6n,9N2vSG5XKB,5JWVDX2oWd,,,,20,20,21,23,23,20,19,23,21,24,19,23,19,19,18,20,3,3,3,2,4,2,3,2,2,2,2,2,2,3,35,None,,,,,,4,4
2018-11-25 19:30:42,2018-11-25 19:42:17,0,100,695,1,2018-11-25 19:42:17,RhrK04gsRR,,37.4235992431640625,-122.161895751953125,anonymous,EN,18,OpWqm52qCB,ZvNLxUauGr,rIB9BMY7WX,2v6JF3DEgM,Nq5rVaQwQs,Co9YeTnNS6,OpWqm52qCB,rIB9BMY7WX,2v6JF3DEgM,HTkUtR3IUF,Nq5rVaQwQs,Co9YeTnNS6,rIB9BMY7WX,Nq5rVaQwQs,2v6JF3DEgM,ojMKuYCNqK,1a4mxEqd5V,OpWqm52qCB,OpWqm52qCB,Co9YeTnNS6,rIB9BMY7WX,ojMKuYCNqK,1a4mxEqd5V,4MekWTlsEc,rIB9BMY7WX,Nq5rVaQwQs,OpWqm52qCB,Co9YeTnNS6,ojMKuYCNqK,ZvNLxUauGr,OpWqm52qCB,rIB9BMY7WX,yixMHIJuFq,Co9YeTnNS6,1a4mxEqd5V,G5PIoRIPAh,OpWqm52qCB,rIB9BMY7WX,RhrK04gsRR,2v6JF3DEgM,yixMHIJuFq,Co9YeTnNS6,OpWqm52qCB,1a4mxEqd5V,ojMKuYCNqK,rIB9BMY7WX,,,ZvNLxUauGr,,,,,,OpWqm52qCB,yixMHIJuFq,rIB9BMY7WX,Nq5rVaQwQs,ojMKuYCNqK,1a4mxEqd5V,eOYabwzRNL,uZjDufoxPs,ojMKuYCNqK,,,,ojMKuYCNqK,eOYabwzRNL,43iUV5POTQ,mqiYO9LP3s,,,24,18,18,20,23,21,24,23,18,23,21,23,22,22,19,19,4,2,3,3,4,5,4,5,2,1,4,2,1,5,36,Stanford College Republicans,Stanford Synapse: Brain Injury Support Group,,,,,4,4
2018-11-25 21:16:24,2018-11-25 21:40:07,0,100,1422,1,2018-11-25 21:40:07,tMXSXmK90v,,37.4235992431640625,-122.161895751953125,anonymous,EN,18,EzEKw1zpAO,hIwvHt3Hkb,xe3X2hSApt,ZtvvYEwqoQ,FeshKGXTkb,4JUkminEM3,hIwvHt3Hkb,xe3X2hSApt,FeshKGXTkb,4JUkminEM3,,,hIwvHt3Hkb,EzEKw1zpAO,4JUkminEM3,FeshKGXTkb,,,NONE,,,,,,hIwvHt3Hkb,EzEKw1zpAO,4JUkminEM3,,,,NONE,,,,,,NONE,,,,,,NONE,,,,,,NONE,,,,,,hIwvHt3Hkb,EzEKw1zpAO,,,,,NONE,,,,,,cdO95waeaT,HTkUtR3IUF,ojMKuYCNqK,ZvNLxUauGr,a5yiN1bcH5,Ugp6B5ycfU,23,19,19,21,21,23,23,19,19,23,19,23,18,18,18,18,4,2,4,3,3,2,3,2,2,2,3,1,1,3,33,Stanford Badminton Club,Stanford Student Space Initiative,,,,,4,4
2018-11-25 16:55:07,2018-11-25 21:47:37,0,100,17550,1,2018-11-25 21:47:38,41On8sxDto,,37.4235992431640625,-122.161895751953125,anonymous,EN,18,wEzJlSmMXA,z6nrCUBzHf,ojMKuYCNqK,OvKWMaI0QD,4MekWTlsEc,zFMIWB264U,wEzJlSmMXA,z6nrCUBzHf,zFMIWB264U,,,,wEzJlSmMXA,z6nrCUBzHf,,,,,wEzJlSmMXA,z6nrCUBzHf,,,,,wEzJlSmMXA,z6nrCUBzHf,,,,,wEzJlSmMXA,zFMIWB264U,,,,,zFMIWB264U,z6nrCUBzHf,,,,,zFMIWB264U,yrZOdNoPiU,ageCLhiZ5g,wUdqU4TKuR,,,NONE,,,,,,wEzJlSmMXA,z6nrCUBzHf,zFMIWB264U,yrZOdNoPiU,4MekWTlsEc,,z6nrCUBzHf,wEzJlSmMXA,,,,,ojMKuYCNqK,yrZOdNoPiU,yixMHIJuFq,OvKWMaI0QD,,,20,24,19,24,22,24,19,22,19,23,21,21,20,19,21,21,5,3,4,4,4,3,3,4,3,2,3,3,2,4,33,Students for a Sustainable Stanford,Engineers for a Sustainable World - Stanford Chapter,Black Student Union,,,,4,4
2018-11-25 15:25:46,2018-11-25 22:52:51,0,100,26824,1,2018-11-25 22:52:52,T8EWw5z2x6,,37.4235992431640625,-122.161895751953125,anonymous,EN,18,Nq5rVaQwQs,wlePP9RE4T,Ugp6B5ycfU,WRhoFXozqP,ZvNLxUauGr,5FHxCYhMDn,Nq5rVaQwQs,OpWqm52qCB,yixMHIJuFq,WRhoFXozqP,Ugp6B5ycfU,ZvNLxUauGr,7Fu51QKfuk,zFMIWB264U,5FHxCYhMDn,WRhoFXozqP,NONE,NONE,wlePP9RE4T,WRhoFXozqP,Ugp6B5ycfU,5FHxCYhMDn,mqiYO9LP3s,NONE,Nq5rVaQwQs,5FHxCYhMDn,OpWqm52qCB,ZvNLxUauGr,NONE,NONE,Ugp6B5ycfU,wlePP9RE4T,5FHxCYhMDn,WRhoFXozqP,NONE,NONE,Ugp6B5ycfU,mqiYO9LP3s,WRhoFXozqP,NONE,NONE,NONE,Nq5rVaQwQs,OpWqm52qCB,ZvNLxUauGr,5FHxCYhMDn,mqiYO9LP3s,yixMHIJuFq,xe3X2hSApt,ZtvvYEwqoQ,,,,,WRhoFXozqP,30pns63Ej7,wlePP9RE4T,NONE,NONE,NONE,oFmEg5VrVP,uZjDufoxPs,5FHxCYhMDn,NONE,NONE,NONE,Ugp6B5ycfU,mqiYO9LP3s,Nq5rVaQwQs,ZvNLxUauGr,yrZOdNoPiU,uZjDufoxPs,23,23,20,24,21,23,23,23,18,24,20,23,19,20,20,21,5,1,2,5,1,5,1,5,2,1,3,1,1,4,35,Stanford Effective Altruism,,,,,,4,4
2018-11-26 01:57:48,2018-11-26 02:13:11,0,100,922,1,2018-11-26 02:13:11,uZjDufoxPs,,37.4235992431640625,-122.161895751953125,anonymous,EN,18,VHjizYJkyi,OpWqm52qCB,3vz8kuXpUz,ZvNLxUauGr,yixMHIJuFq,,VHjizYJkyi,OpWqm52qCB,3vz8kuXpUz,yixMHIJuFq,,,VHjizYJkyi,3vz8kuXpUz,,,,,MSo9TI3cUe,ZvNLxUauGr,OpWqm52qCB,,,,MSo9TI3cUe,VHjizYJkyi,3vz8kuXpUz,yixMHIJuFq,zFMIWB264U,OpWqm52qCB,VHjizYJkyi,3vz8kuXpUz,OpWqm52qCB,MSo9TI3cUe,HsfezHa87a,,OpWqm52qCB,HsfezHa87a,VHjizYJkyi,MSo9TI3cUe,,,3vz8kuXpUz,VHjizYJkyi,OpWqm52qCB,yixMHIJuFq,,,ageCLhiZ5g,,,,,,NONE,,,,,,ojMKuYCNqK,,,,,,eOYabwzRNL,ojMKuYCNqK,43iUV5POTQ,,,,24,20,19,23,23,24,22,21,21,23,20,22,21,21,20,20,3,4,5,2,5,4,1,2,2,2,3,3,1,2,33,None,,,,,,4,4
2018-11-26 11:39:30,2018-11-26 12:10:27,0,100,1856,1,2018-11-26 12:10:27,30pns63Ej7,,37.4235992431640625,-122.161895751953125,anonymous,EN,18,WRhoFXozqP,WRhoFXozqP,WRhoFXozqP,WRhoFXozqP,WRhoFXozqP,305lYtmCXG,WRhoFXozqP,305lYtmCXG,LEJbOsQX0x,gwbuiSH4jb,,,LjmQYisBVp,OpWqm52qCB,WRhoFXozqP,,,,WRhoFXozqP,,,,,,WRhoFXozqP,30pns63Ej7,,,,,WRhoFXozqP,,,,,,n08loMfJH7,,,,,,WRhoFXozqP,ageCLhiZ5g,,,,,OvKWMaI0QD,,,,,,WRhoFXozqP,n08loMfJH7,305lYtmCXG,,,,305lYtmCXG,,,,,,OpWqm52qCB,305lYtmCXG,,,,,21,19,21,23,18,23,21,20,20,21,21,21,19,19,19,20,4,2,4,2,1,4,1,2,2,4,3,2,2,4,35,Basmati Raas,,,,,,4,4
2018-11-26 11:57:33,2018-11-26 12:12:26,0,100,892,1,2018-11-26 12:12:26,WRhoFXozqP,,37.4235992431640625,-122.161895751953125,anonymous,EN,18,30pns63Ej7,30pns63Ej7,30pns63Ej7,30pns63Ej7,30pns63Ej7,n08loMfJH7,30pns63Ej7,n08loMfJH7,T8EWw5z2x6,Sl8bkR36rX,305lYtmCXG,ageCLhiZ5g,WRhoFXozqP,30pns63Ej7,ageCLhiZ5g,n08loMfJH7,,,30pns63Ej7,,,,,,30pns63Ej7,,,,,,30pns63Ej7,WRhoFXozqP,,,,,30pns63Ej7,,,,,,30pns63Ej7,ageCLhiZ5g,,,,,30pns63Ej7,,,,,,n08loMfJH7,30pns63Ej7,,,,,30pns63Ej7,,,,,,OpWqm52qCB,mqiYO9LP3s,Nq5rVaQwQs,,,,22,21,20,24,18,24,23,21,23,24,18,24,20,20,21,21,4,2,5,1,4,3,2,1,5,5,1,2,2,3,34,The Stanford Daily,Other,,Research in a Lab,,,4,4
2018-11-25 14:53:37,2018-11-26 12:41:29,0,100,78471,1,2018-11-26 12:41:30,q52A4f8hTN,,37.4235992431640625,-122.161895751953125,anonymous,EN,18,edH3HDfP0x,kRuX5v4BMT,ageCLhiZ5g,X0glhRvEc2,wUdqU4TKuR,cdO95waeaT,edH3HDfP0x,ageCLhiZ5g,kRuX5v4BMT,X0glhRvEc2,wUdqU4TKuR,cdO95waeaT,ageCLhiZ5g,edH3HDfP0x,kRuX5v4BMT,cdO95waeaT,,,edH3HDfP0x,kRuX5v4BMT,ageCLhiZ5g,,,,edH3HDfP0x,kRuX5v4BMT,ageCLhiZ5g,,,,edH3HDfP0x,kRuX5v4BMT,ageCLhiZ5g,,,,ageCLhiZ5g,edH3HDfP0x,kRuX5v4BMT,,,,edH3HDfP0x,ageCLhiZ5g,kRuX5v4BMT,,,,NONE,,,,,,edH3HDfP0x,kRuX5v4BMT,ageCLhiZ5g,,,,ageCLhiZ5g,,,,,,ageCLhiZ5g,kRuX5v4BMT,cdO95waeaT,,,,24,20,20,22,21,23,19,21,20,22,19,19,20,19,18,19,5,1,2,5,1,5,2,5,2,2,4,1,2,4,36,Chi Alpha Christian Fellowship,Stanford Chess Club,,,,,4,4
2018-11-26 19:02:28,2018-11-26 19:02:45,0,100,17,1,2018-11-26 19:02:45,ZtvvYEwqoQ,,37.4235992431640625,-122.161895751953125,anonymous,EN,17,,,,,,,,,,,,,,,,,,,,,,,,,,,,,,,,,,,,,,,,,,,,,,,,,,,,,,,,,,,,,,,,,,,,,,,,,,,,,,,,,,,,,,,,,,,,,,,,,,,,,,,,,,,,,,4,4
2018-11-26 22:07:52,2018-11-26 22:26:44,0,100,1131,1,2018-11-26 22:26:44,Nq5rVaQwQs,,37.4235992431640625,-122.161895751953125,anonymous,EN,18,T8EWw5z2x6,2v6JF3DEgM,yixMHIJuFq,FDU1b2Ylqq,RhrK04gsRR,9p6AqVIeLg,T8EWw5z2x6,yixMHIJuFq,RhrK04gsRR,FDU1b2Ylqq,2v6JF3DEgM,d57my2QjFA,FDU1b2Ylqq,2v6JF3DEgM,T8EWw5z2x6,,,,FDU1b2Ylqq,2v6JF3DEgM,T8EWw5z2x6,,,,FDU1b2Ylqq,2v6JF3DEgM,T8EWw5z2x6,,,,T8EWw5z2x6,2v6JF3DEgM,FDU1b2Ylqq,9p6AqVIeLg,RhrK04gsRR,,T8EWw5z2x6,2v6JF3DEgM,RhrK04gsRR,,,,T8EWw5z2x6,RhrK04gsRR,,,,,wlePP9RE4T,OvKWMaI0QD,xe3X2hSApt,ZtvvYEwqoQ,,,FDU1b2Ylqq,2v6JF3DEgM,,,,,RhrK04gsRR,,,,,,Sl8bkR36rX,305lYtmCXG,Ugp6B5ycfU,Co9YeTnNS6,,,24,22,19,24,21,23,20,23,20,23,19,23,22,22,20,20,4,3,3,3,3,4,1,4,2,1,4,2,3,3,35,The Stanford Daily,None,None,,,,4,4
2018-11-27 01:23:06,2018-11-27 01:33:36,0,100,630,1,2018-11-27 01:33:37,zqAoayRWnD,,37.4235992431640625,-122.161895751953125,anonymous,EN,19,8jlNXjFFzy,ytOMF7QQDC,xOjTqPyXaA,kRuX5v4BMT,2LTY9ibUjU,,8jlNXjFFzy,ytOMF7QQDC,xOjTqPyXaA,kRuX5v4BMT,2LTY9ibUjU,93IT10wOlh,8jlNXjFFzy,ytOMF7QQDC,xOjTqPyXaA,,,,8jlNXjFFzy,ytOMF7QQDC,,,,,8jlNXjFFzy,ytOMF7QQDC,xOjTqPyXaA,kRuX5v4BMT,,,8jlNXjFFzy,ytOMF7QQDC,xOjTqPyXaA,,,,8jlNXjFFzy,ytOMF7QQDC,xOjTqPyXaA,,,,8jlNXjFFzy,ytOMF7QQDC,xOjTqPyXaA,kRuX5v4BMT,,,93IT10wOlh,,,,,,8jlNXjFFzy,ytOMF7QQDC,,,,,NONE,,,,,,8jlNXjFFzy,ytOMF7QQDC,xOjTqPyXaA,kRuX5v4BMT,,,23,23,20,24,19,24,21,23,19,24,19,24,20,20,21,21,4,4,4,3,3,3,3,2,2,3,1,3,2,2,33,Stanford Debate Society,Student Alliance for Justice in Education,The Stanford Daily,,,,4,4
2018-11-27 15:58:49,2018-11-27 16:17:39,0,100,1130,1,2018-11-27 16:17:40,Myk9z6sIcg,,37.4235992431640625,-122.161895751953125,anonymous,EN,19,93IT10wOlh,tyKxYflgzB,qpJqRblVtj,655rcW7fBy,fStlxfqOGf,,655rcW7fBy,93IT10wOlh,tyKxYflgzB,fStlxfqOGf,qpJqRblVtj,,655rcW7fBy,93IT10wOlh,tyKxYflgzB,fStlxfqOGf,qpJqRblVtj,,655rcW7fBy,93IT10wOlh,tyKxYflgzB,qpJqRblVtj,fStlxfqOGf,,655rcW7fBy,93IT10wOlh,qpJqRblVtj,tyKxYflgzB,fStlxfqOGf,,655rcW7fBy,93IT10wOlh,tyKxYflgzB,fStlxfqOGf,qpJqRblVtj,,93IT10wOlh,qpJqRblVtj,655rcW7fBy,fStlxfqOGf,tyKxYflgzB,,655rcW7fBy,93IT10wOlh,qpJqRblVtj,tyKxYflgzB,fStlxfqOGf,,NONE,,,,,,655rcW7fBy,93IT10wOlh,,,,,655rcW7fBy,tyKxYflgzB,,,,,qpJqRblVtj,5JWVDX2oWd,lVMi7uH9A1,,,,24,20,21,21,21,23,20,21,20,22,19,21,20,21,20,20,4,1,3,4,2,5,1,3,3,1,2,1,1,2,35,Stanford Wushu Club,Japanese Student Union,Stanford Kenpo Karate Association,,,,4,4
2018-11-27 15:56:26,2018-11-27 16:22:25,0,100,1559,1,2018-11-27 16:22:25,ZtvvYEwqoQ,,37.4235992431640625,-122.161895751953125,anonymous,EN,18,xe3X2hSApt,wlePP9RE4T,ZvNLxUauGr,ojMKuYCNqK,rDinQRm16W,d57my2QjFA,xe3X2hSApt,wlePP9RE4T,ZvNLxUauGr,ojMKuYCNqK,rDinQRm16W,HTkUtR3IUF,xe3X2hSApt,HTkUtR3IUF,ojMKuYCNqK,rDinQRm16W,mqiYO9LP3s,NONE,xe3X2hSApt,hIwvHt3Hkb,wlePP9RE4T,ZvNLxUauGr,HTkUtR3IUF,mqiYO9LP3s,xe3X2hSApt,wlePP9RE4T,eOYabwzRNL,EzEKw1zpAO,hIwvHt3Hkb,ZvNLxUauGr,xe3X2hSApt,wlePP9RE4T,mqiYO9LP3s,vJNFD09Q9r,Nj6Q27Doti,OpWqm52qCB,xe3X2hSApt,wlePP9RE4T,FeshKGXTkb,vJNFD09Q9r,ojMKuYCNqK,eOYabwzRNL,xe3X2hSApt,Sl8bkR36rX,rIB9BMY7WX,yrZOdNoPiU,uZjDufoxPs,Nj6Q27Doti,Nq5rVaQwQs,yixMHIJuFq,a5yiN1bcH5,43iUV5POTQ,NONE,NONE,xe3X2hSApt,ojMKuYCNqK,wlePP9RE4T,eOYabwzRNL,NONE,NONE,xe3X2hSApt,uZjDufoxPs,eOYabwzRNL,ojMKuYCNqK,43iUV5POTQ,NONE,xe3X2hSApt,ojMKuYCNqK,ZtvvYEwqoQ,uZjDufoxPs,wlePP9RE4T,mqiYO9LP3s,23,23,23,23,21,24,23,22,20,24,21,22,21,21,21,20,5,1,2,4,2,5,1,5,2,3,4,1,2,5,36,Stanford Dragon Boat,Stanford Social Entrepreneurial Students Association,Stanford Economics Association,,,,4,4
2018-11-27 16:07:56,2018-11-27 16:25:04,0,100,1028,1,2018-11-27 16:25:04,eOYabwzRNL,,37.4235992431640625,-122.161895751953125,anonymous,EN,18,UE7Jbnnv9s,rIB9BMY7WX,yrZOdNoPiU,wlePP9RE4T,YSZB8psFXt,T8EWw5z2x6,rIB9BMY7WX,yrZOdNoPiU,yixMHIJuFq,HMWuSgVcOG,,,yrZOdNoPiU,rIB9BMY7WX,ZtvvYEwqoQ,,,,rIB9BMY7WX,yrZOdNoPiU,ojMKuYCNqK,,,,rIB9BMY7WX,yrZOdNoPiU,wv648zSEyQ,,,,rIB9BMY7WX,yrZOdNoPiU,ojMKuYCNqK,,,,43iUV5POTQ,oFmEg5VrVP,Sl8bkR36rX,,,,uZjDufoxPs,T8EWw5z2x6,wlePP9RE4T,,,,NONE,,,,,,rIB9BMY7WX,yrZOdNoPiU,,,,,HMWuSgVcOG,uZjDufoxPs,,,,,yrZOdNoPiU,4MekWTlsEc,T8EWw5z2x6,oFmEg5VrVP,mqiYO9LP3s,RhrK04gsRR,24,19,19,23,19,21,24,22,21,23,21,21,22,22,19,19,2,4,3,2,4,3,1,2,4,4,4,4,4,4,34,Asia-Pacific Student Entreprenuership Society,The Stanford Daily,Other,Model United Nations,,,4,4
2018-11-27 15:55:00,2018-11-27 16:30:30,0,100,2129,1,2018-11-27 16:30:30,xe3X2hSApt,,37.4235992431640625,-122.161895751953125,anonymous,EN,18,ZtvvYEwqoQ,wlePP9RE4T,2v6JF3DEgM,OpWqm52qCB,mqiYO9LP3s,ZvNLxUauGr,ZtvvYEwqoQ,wlePP9RE4T,OpWqm52qCB,2v6JF3DEgM,ojMKuYCNqK,hIwvHt3Hkb,ZtvvYEwqoQ,mqiYO9LP3s,wlePP9RE4T,HTkUtR3IUF,rDinQRm16W,NONE,ZtvvYEwqoQ,mqiYO9LP3s,wlePP9RE4T,NONE,NONE,NONE,ZtvvYEwqoQ,OpWqm52qCB,wlePP9RE4T,ZvNLxUauGr,mqiYO9LP3s,tMXSXmK90v,ZtvvYEwqoQ,wlePP9RE4T,mqiYO9LP3s,ifAMGibTO9,vJNFD09Q9r,2v6JF3DEgM,ZtvvYEwqoQ,mqiYO9LP3s,vJNFD09Q9r,4JUkminEM3,wlePP9RE4T,2v6JF3DEgM,ZtvvYEwqoQ,wlePP9RE4T,ojMKuYCNqK,OpWqm52qCB,ZvNLxUauGr,mqiYO9LP3s,Nq5rVaQwQs,z6nrCUBzHf,RhrK04gsRR,NONE,NONE,NONE,ZtvvYEwqoQ,wlePP9RE4T,OpWqm52qCB,2v6JF3DEgM,ifAMGibTO9,ZvNLxUauGr,43iUV5POTQ,uZjDufoxPs,eOYabwzRNL,ojMKuYCNqK,xe3X2hSApt,NONE,ojMKuYCNqK,mqiYO9LP3s,yrZOdNoPiU,ZtvvYEwqoQ,xe3X2hSApt,wlePP9RE4T,19,18,18,19,21,23,23,19,20,24,21,21,21,21,21,21,5,2,5,4,4,5,1,5,5,4,2,5,4,5,36,Prefer not to answer,None,None,,,,4,4
2018-11-27 15:55:49,2018-11-27 16:32:24,0,100,2194,1,2018-11-27 16:32:24,wlePP9RE4T,,37.4235992431640625,-122.161895751953125,anonymous,EN,18,xe3X2hSApt,ZtvvYEwqoQ,2v6JF3DEgM,T8EWw5z2x6,ojMKuYCNqK,yrZOdNoPiU,2v6JF3DEgM,xe3X2hSApt,ZtvvYEwqoQ,yrZOdNoPiU,rDinQRm16W,YSZB8psFXt,xe3X2hSApt,HTkUtR3IUF,rDinQRm16W,ojMKuYCNqK,NONE,NONE,2v6JF3DEgM,xe3X2hSApt,yrZOdNoPiU,gwbuiSH4jb,wlePP9RE4T,rDinQRm16W,2v6JF3DEgM,xe3X2hSApt,T8EWw5z2x6,YSZB8psFXt,ojMKuYCNqK,FeshKGXTkb,FeshKGXTkb,xe3X2hSApt,ZtvvYEwqoQ,2v6JF3DEgM,YSZB8psFXt,OlIsJ2hmis,OlIsJ2hmis,xe3X2hSApt,2v6JF3DEgM,rDinQRm16W,gwbuiSH4jb,FeshKGXTkb,2v6JF3DEgM,YSZB8psFXt,FeshKGXTkb,xe3X2hSApt,ZtvvYEwqoQ,BfAnw7gIq3,z6nrCUBzHf,RhrK04gsRR,4MekWTlsEc,ZvNLxUauGr,NONE,NONE,xe3X2hSApt,2v6JF3DEgM,T8EWw5z2x6,YSZB8psFXt,OpWqm52qCB,vJNFD09Q9r,eOYabwzRNL,uZjDufoxPs,YSZB8psFXt,BfAnw7gIq3,VHjizYJkyi,Sl8bkR36rX,xe3X2hSApt,ojMKuYCNqK,mqiYO9LP3s,rDinQRm16W,xwDKYVEmBz,avWfrmpVcb,21,24,23,24,19,23,23,22,23,23,20,24,20,21,20,20,4,2,3,3,1,4,1,1,4,2,4,2,2,4,36,Other,None,None,Evil Empire,Condom ASMR,Paper Churros,4,4
2018-11-27 18:07:43,2018-11-27 18:25:25,0,100,1061,1,2018-11-27 18:25:25,t1bBFZsqOL,,37.4235992431640625,-122.161895751953125,anonymous,EN,18,43iUV5POTQ,1Fj3EmSbi9,wv648zSEyQ,OlIsJ2hmis,OvKWMaI0QD,ageCLhiZ5g,43iUV5POTQ,1Fj3EmSbi9,OlIsJ2hmis,OvKWMaI0QD,bcXPI8Cd4j,,MSo9TI3cUe,HsfezHa87a,43iUV5POTQ,1Fj3EmSbi9,OlIsJ2hmis,wv648zSEyQ,MSo9TI3cUe,HsfezHa87a,OvKWMaI0QD,OlIsJ2hmis,,,43iUV5POTQ,1Fj3EmSbi9,OvKWMaI0QD,OlIsJ2hmis,wv648zSEyQ,,wv648zSEyQ,Ox2D0RqGO3,OlIsJ2hmis,MSo9TI3cUe,HsfezHa87a,,HsfezHa87a,MSo9TI3cUe,OlIsJ2hmis,1Fj3EmSbi9,RZOCNeZDId,,VHjizYJkyi,lVMi7uH9A1,MSo9TI3cUe,1Fj3EmSbi9,wv648zSEyQ,43iUV5POTQ,NONE,,,,,,MSo9TI3cUe,HsfezHa87a,OvKWMaI0QD,,,,43iUV5POTQ,OvKWMaI0QD,4gbINa6DSz,,,,Ugp6B5ycfU,OlIsJ2hmis,MSo9TI3cUe,HsfezHa87a,VHjizYJkyi,,24,23,19,23,21,19,20,22,20,21,20,22,19,20,19,20,2,3,3,3,2,3,2,3,2,2,2,1,1,3,35,Habla,Power to ACT: Abilities Coming Together,Other,,,Language Club,4,4
2018-11-29 10:44:23,2018-11-29 10:54:05,0,100,581,1,2018-11-29 10:54:05,ZvNLxUauGr,,37.4235992431640625,-122.161895751953125,anonymous,EN,18,xe3X2hSApt,OpWqm52qCB,uZjDufoxPs,ZtvvYEwqoQ,G5PIoRIPAh,ojMKuYCNqK,xe3X2hSApt,OpWqm52qCB,4MekWTlsEc,G5PIoRIPAh,1a4mxEqd5V,OpWqm52qCB,OpWqm52qCB,uZjDufoxPs,xe3X2hSApt,ojMKuYCNqK,zFMIWB264U,,xe3X2hSApt,ojMKuYCNqK,OpWqm52qCB,uZjDufoxPs,ZtvvYEwqoQ,1a4mxEqd5V,OpWqm52qCB,xe3X2hSApt,yrZOdNoPiU,1a4mxEqd5V,ojMKuYCNqK,,yixMHIJuFq,OpWqm52qCB,uZjDufoxPs,xe3X2hSApt,VHjizYJkyi,MSo9TI3cUe,yixMHIJuFq,HsfezHa87a,MSo9TI3cUe,,,,ojMKuYCNqK,yrZOdNoPiU,yixMHIJuFq,OpWqm52qCB,xe3X2hSApt,G5PIoRIPAh,RhrK04gsRR,z6nrCUBzHf,,,,,OpWqm52qCB,xe3X2hSApt,Gi3TltVJiP,ojMKuYCNqK,uZjDufoxPs,,uZjDufoxPs,xe3X2hSApt,,,,,uZjDufoxPs,OpWqm52qCB,eOYabwzRNL,tdkzFhU6zM,HTkUtR3IUF,,23,23,19,23,18,23,23,23,21,23,19,21,19,20,21,21,3,4,4,2,5,4,2,2,2,3,2,2,2,3,34,Stanford Womens Rugby,,,,,,4,4
2018-11-29 12:24:13,2018-11-29 12:30:59,0,100,405,1,2018-11-29 12:30:59,C5coo7JHBK,,37.4235992431640625,-122.161895751953125,anonymous,EN,18,DpI62DO9wI,a5yiN1bcH5,yixMHIJuFq,,,,DpI62DO9wI,a5yiN1bcH5,,,,,a5yiN1bcH5,,,,,,DpI62DO9wI,,,,,,a5yiN1bcH5,DpI62DO9wI,,,,,DpI62DO9wI,a5yiN1bcH5,7Fu51QKfuk,,,,DpI62DO9wI,a5yiN1bcH5,7Fu51QKfuk,,,,DpI62DO9wI,a5yiN1bcH5,7Fu51QKfuk,,,,43iUV5POTQ,,,,,,a5yiN1bcH5,,,,,,ojMKuYCNqK,,,,,,a5yiN1bcH5,ojMKuYCNqK,9p6AqVIeLg,,,,21,21,20,24,22,22,22,22,21,22,21,21,21,21,21,21,2,4,4,1,3,2,5,2,4,4,3,4,4,4,34,Ritmo!,,,,,,4,4
2018-11-25 14:52:34,2018-11-29 17:53:39,0,100,356465,1,2018-11-29 17:53:40,4gbINa6DSz,,37.4235992431640625,-122.161895751953125,anonymous,EN,18,Ox2D0RqGO3,KYW69o69zb,,,,,Ox2D0RqGO3,KYW69o69zb,,,,,NONE,,,,,,NONE,,,,,,KYW69o69zb,Ox2D0RqGO3,,,,,NONE,,,,,,NONE,,,,,,Ox2D0RqGO3,KYW69o69zb,,,,,NONE,,,,,,NONE,,,,,,NONE,,,,,,NONE,,,,,,23,22,18,23,20,21,23,23,19,23,20,21,20,22,20,22,2,4,5,1,2,1,3,1,2,1,1,3,1,1,33,Japanese Student Union,,,,,,4,4
2018-11-29 17:57:33,2018-11-29 18:12:57,0,100,924,1,2018-11-29 18:12:58,d57my2QjFA,,37.4235992431640625,-122.161895751953125,anonymous,EN,18,Sl8bkR36rX,FeshKGXTkb,xe3X2hSApt,n08loMfJH7,ZtvvYEwqoQ,ojMKuYCNqK,ojMKuYCNqK,Sl8bkR36rX,FeshKGXTkb,tMXSXmK90v,,,Sl8bkR36rX,,,,,,NONE,,,,,,Sl8bkR36rX,ojMKuYCNqK,,,,,NONE,,,,,,Sl8bkR36rX,n08loMfJH7,,,,,rIB9BMY7WX,xe3X2hSApt,ojMKuYCNqK,ZtvvYEwqoQ,wlePP9RE4T,oFmEg5VrVP,NONE,,,,,,Sl8bkR36rX,FeshKGXTkb,oFmEg5VrVP,,,,oFmEg5VrVP,,,,,,ojMKuYCNqK,eOYabwzRNL,ZtvvYEwqoQ,xe3X2hSApt,,,24,20,20,24,19,23,23,19,19,23,19,23,21,21,21,21,3,3,3,3,2,2,1,1,2,1,3,2,2,3,35,Asia-Pacific Student Entreprenuership Society,Stanford Student Biodesign & Biopharma,Stanford Social Entrepreneurial Students Association,,,,4,4
2018-11-29 17:54:17,2018-11-29 18:16:28,0,100,1331,1,2018-11-29 18:16:29,93IT10wOlh,,37.4235992431640625,-122.161895751953125,anonymous,EN,19,tyKxYflgzB,Myk9z6sIcg,pIBAV3LSfI,gwanYQNyyF,TtH9z9qTFW,zqAoayRWnD,tyKxYflgzB,pIBAV3LSfI,TtH9z9qTFW,gwanYQNyyF,zqAoayRWnD,2LTY9ibUjU,zqAoayRWnD,Myk9z6sIcg,gwanYQNyyF,fStlxfqOGf,tyKxYflgzB,TtH9z9qTFW,tyKxYflgzB,Myk9z6sIcg,zqAoayRWnD,gwanYQNyyF,fStlxfqOGf,2LTY9ibUjU,tyKxYflgzB,Myk9z6sIcg,pIBAV3LSfI,2LTY9ibUjU,zqAoayRWnD,gwanYQNyyF,Myk9z6sIcg,tyKxYflgzB,zqAoayRWnD,gwanYQNyyF,pIBAV3LSfI,qpJqRblVtj,Myk9z6sIcg,tyKxYflgzB,zqAoayRWnD,2LTY9ibUjU,gwanYQNyyF,lVMi7uH9A1,Myk9z6sIcg,tyKxYflgzB,TtH9z9qTFW,pIBAV3LSfI,qpJqRblVtj,2LTY9ibUjU,Cp79hu6KJt,tyKxYflgzB,C5n5PFYsR0,,,,TtH9z9qTFW,Myk9z6sIcg,2LTY9ibUjU,zqAoayRWnD,JKYGh18hd6,fStlxfqOGf,tyKxYflgzB,655rcW7fBy,zqAoayRWnD,gwanYQNyyF,,,5JWVDX2oWd,lVMi7uH9A1,OpWqm52qCB,Nq5rVaQwQs,tyKxYflgzB,yixMHIJuFq,20,23,19,24,20,20,22,22,20,21,20,19,21,21,21,21,5,4,5,3,4,4,4,2,5,4,4,4,4,5,35,Other,Other,"FLIP: First-Generation, Low-Income Partnership",Cardinal Nights,Social Dancing,,4,4
2018-11-25 14:03:31,2018-11-29 18:17:42,0,100,360850,1,2018-11-29 18:17:42,kAW4IEZq4k,,37.4235992431640625,-122.161895751953125,anonymous,EN,18,IhgbIsMlsE,EzEKw1zpAO,HsfezHa87a,cdO95waeaT,ageCLhiZ5g,,IhgbIsMlsE,,,,,,HsfezHa87a,cdO95waeaT,ageCLhiZ5g,,,,IhgbIsMlsE,,,,,,IhgbIsMlsE,,,,,,IhgbIsMlsE,,,,,,HsfezHa87a,cdO95waeaT,IhgbIsMlsE,,,,IhgbIsMlsE,HsfezHa87a,cdO95waeaT,,,,NONE,,,,,,NONE,,,,,,NONE,,,,,,IhgbIsMlsE,HsfezHa87a,cdO95waeaT,ageCLhiZ5g,,,22,23,22,23,22,23,23,21,22,21,22,22,21,20,21,21,4,4,5,4,4,3,5,4,4,3,4,4,3,4,35,Latter-day Saint Student Association,,,,,,4,4
2018-11-29 17:52:54,2018-11-29 18:53:59,0,100,3665,1,2018-11-29 18:54:00,YSZB8psFXt,,37.6739959716796875,-122.0894012451171875,anonymous,EN,19,wlePP9RE4T,cdO95waeaT,HTkUtR3IUF,ZtvvYEwqoQ,2v6JF3DEgM,xe3X2hSApt,wlePP9RE4T,2v6JF3DEgM,xe3X2hSApt,ZtvvYEwqoQ,G5PIoRIPAh,ZvNLxUauGr,cdO95waeaT,HTkUtR3IUF,HsfezHa87a,,,,NONE,,,,,,G5PIoRIPAh,HTkUtR3IUF,cdO95waeaT,wlePP9RE4T,,,HTkUtR3IUF,cdO95waeaT,wlePP9RE4T,,,,cdO95waeaT,,,,,,wlePP9RE4T,4MekWTlsEc,uZjDufoxPs,,,,Gi3TltVJiP,OpWqm52qCB,,,,,wlePP9RE4T,4MekWTlsEc,,,,,4MekWTlsEc,,,,,,eOYabwzRNL,,,,,,23,18,21,21,23,21,24,23,21,23,19,22,20,20,22,22,4,1,1,4,1,3,1,5,1,1,5,1,1,5,35,American Indian Science and Engineering Society,,,,,,4,4
2018-11-29 18:45:29,2018-11-29 19:09:33,0,100,1443,1,2018-11-29 19:09:33,KYW69o69zb,,37.4235992431640625,-122.161895751953125,anonymous,EN,18,Ox2D0RqGO3,b7NvhB2kJF,4gbINa6DSz,RZOCNeZDId,RIHDZqBY8V,YSZB8psFXt,Ox2D0RqGO3,b7NvhB2kJF,4gbINa6DSz,RZOCNeZDId,uZjDufoxPs,MSo9TI3cUe,Ox2D0RqGO3,b7NvhB2kJF,4gbINa6DSz,MSo9TI3cUe,RZOCNeZDId,o1IARQfbMO,Ox2D0RqGO3,b7NvhB2kJF,4gbINa6DSz,uZjDufoxPs,MSo9TI3cUe,HsfezHa87a,Ox2D0RqGO3,b7NvhB2kJF,4gbINa6DSz,uZjDufoxPs,MSo9TI3cUe,RZOCNeZDId,Ox2D0RqGO3,b7NvhB2kJF,uZjDufoxPs,MSo9TI3cUe,HsfezHa87a,cdO95waeaT,Ox2D0RqGO3,MSo9TI3cUe,HsfezHa87a,cdO95waeaT,uZjDufoxPs,4MekWTlsEc,Ox2D0RqGO3,4gbINa6DSz,RZOCNeZDId,1a4mxEqd5V,yixMHIJuFq,OpWqm52qCB,NONE,,,,,,Ox2D0RqGO3,b7NvhB2kJF,,,,,4MekWTlsEc,ojMKuYCNqK,eOYabwzRNL,,,,MSo9TI3cUe,HsfezHa87a,cdO95waeaT,OpWqm52qCB,yixMHIJuFq,ojMKuYCNqK,23,19,19,24,18,23,23,21,21,23,21,22,22,22,22,22,5,1,5,5,2,5,1,5,3,2,4,1,1,4,35,Kaorihiva,Other,"FLIP: First-Generation, Low-Income Partnership",Hui o nƒÅ Moku,,,4,4
2018-11-29 19:10:07,2018-11-29 19:22:53,0,100,766,1,2018-11-29 19:22:53,yrZOdNoPiU,,37.4235992431640625,-122.161895751953125,anonymous,EN,19,wlePP9RE4T,ojMKuYCNqK,rIB9BMY7WX,eOYabwzRNL,ZvNLxUauGr,UE7Jbnnv9s,ojMKuYCNqK,UrIreYUCP7,eOYabwzRNL,a5yiN1bcH5,,,cdO95waeaT,eOYabwzRNL,a5yiN1bcH5,Nj6Q27Doti,,,UrIreYUCP7,ojMKuYCNqK,eOYabwzRNL,rIB9BMY7WX,wBChO9UVcs,wlePP9RE4T,ojMKuYCNqK,eOYabwzRNL,wlePP9RE4T,cdO95waeaT,zFMIWB264U,,cdO95waeaT,zFMIWB264U,UrIreYUCP7,ojMKuYCNqK,,,cdO95waeaT,wUdqU4TKuR,yixMHIJuFq,ojMKuYCNqK,mqiYO9LP3s,,yixMHIJuFq,,,,,,OpWqm52qCB,,,,,,ojMKuYCNqK,,,,,,a5yiN1bcH5,VHjizYJkyi,wUdqU4TKuR,1Fj3EmSbi9,,,43iUV5POTQ,Nq5rVaQwQs,,,,,22,23,19,23,22,22,21,19,19,23,19,22,21,21,21,21,4,3,5,4,5,4,4,2,5,5,4,4,2,4,35,,Engineers for a Sustainable World - Stanford Chapter,Other,FACES,,,4,4
2018-11-29 19:33:21,2018-11-29 19:54:56,0,100,1294,1,2018-11-29 19:54:56,qNns9pTqTK,,37.4235992431640625,-122.161895751953125,anonymous,EN,19,DaB6OHdq1a,tMUBxJrGJG,riO7cCo1Vb,5JWVDX2oWd,2LTY9ibUjU,,DaB6OHdq1a,riO7cCo1Vb,,,,,DaB6OHdq1a,,,,,,DaB6OHdq1a,,,,,,DaB6OHdq1a,tMUBxJrGJG,,,,,tMUBxJrGJG,,,,,,tMUBxJrGJG,,,,,,tMUBxJrGJG,93IT10wOlh,,,,,tyKxYflgzB,,,,,,DaB6OHdq1a,,,,,,I0Uu3KnrWZ,2LTY9ibUjU,,,,,5JWVDX2oWd,9N2vSG5XKB,HsfezHa87a,7Fu51QKfuk,,,20,22,20,24,21,21,20,22,19,23,19,21,22,22,22,22,4,3,2,4,2,3,1,4,2,1,4,1,1,4,35,Fascinate Publication,Other,Other,"Intersect (Stanford's Journal for Science, Technology, and Society)",Alzheimer's Buddies,,4,4
2018-11-29 21:40:32,2018-11-29 21:51:43,0,100,671,1,2018-11-29 21:51:43,5FHxCYhMDn,,37.4235992431640625,-122.161895751953125,anonymous,EN,18,T8EWw5z2x6,Sl8bkR36rX,uZjDufoxPs,ZvNLxUauGr,Nq5rVaQwQs,OpWqm52qCB,T8EWw5z2x6,uZjDufoxPs,VHjizYJkyi,ZvNLxUauGr,yrZOdNoPiU,Sl8bkR36rX,T8EWw5z2x6,VO3PXIyRIy,zFMIWB264U,yrZOdNoPiU,VHjizYJkyi,Nq5rVaQwQs,T8EWw5z2x6,VO3PXIyRIy,ZvNLxUauGr,OpWqm52qCB,Sl8bkR36rX,uZjDufoxPs,T8EWw5z2x6,uZjDufoxPs,VO3PXIyRIy,Nq5rVaQwQs,Sl8bkR36rX,OpWqm52qCB,T8EWw5z2x6,uZjDufoxPs,OpWqm52qCB,VO3PXIyRIy,,,T8EWw5z2x6,Nq5rVaQwQs,OpWqm52qCB,uZjDufoxPs,VO3PXIyRIy,,T8EWw5z2x6,Sl8bkR36rX,uZjDufoxPs,rDinQRm16W,wlePP9RE4T,ZvNLxUauGr,NONE,,,,,,T8EWw5z2x6,,,,,,uZjDufoxPs,OpWqm52qCB,yrZOdNoPiU,VHjizYJkyi,,,T8EWw5z2x6,OpWqm52qCB,wlePP9RE4T,uZjDufoxPs,zFMIWB264U,,18,24,21,24,19,21,20,22,21,23,20,21,22,22,22,22,5,2,2,5,1,4,2,5,2,2,4,1,1,4,36,KZSU 90.1 FM,The Stanford Daily,,,,,4,4
2018-11-29 21:57:46,2018-11-29 22:01:29,0,100,222,1,2018-11-29 22:01:29,PmaUhQrutt,,37.4235992431640625,-122.161895751953125,anonymous,EN,24,NONE,,,,,,NONE,,,,,,NONE,,,,,,NONE,,,,,,NONE,,,,,,NONE,,,,,,NONE,,,,,,NONE,,,,,,NONE,,,,,,NONE,,,,,,NONE,,,,,,NONE,,,,,,23,21,21,24,21,21,21,21,21,21,21,21,20,20,20,20,1,1,1,1,1,1,1,1,1,1,1,1,1,1,34,None,None,None,,,,4,4
2018-11-29 22:38:30,2018-11-29 22:49:00,0,100,630,1,2018-11-29 22:49:01,wUdqU4TKuR,,37.4235992431640625,-122.161895751953125,anonymous,EN,19,NONE,,,,,,wUdqU4TKuR,,,,,,cdO95waeaT,zFMIWB264U,,,,,NONE,,,,,,NONE,,,,,,NONE,,,,,,NONE,,,,,,NONE,,,,,,NONE,,,,,,NONE,,,,,,NONE,,,,,,NONE,,,,,,21,20,19,23,20,21,21,21,21,21,21,21,20,19,20,19,4,1,1,4,4,4,1,4,2,3,4,1,1,4,35,None,,,,,,4,4
2018-11-30 01:39:22,2018-11-30 01:52:02,0,100,760,1,2018-11-30 01:52:02,DxjncaCXBa,,37.4235992431640625,-122.161895751953125,anonymous,EN,18,NONE,,,,,,NONE,,,,,,NONE,,,,,,NONE,,,,,,NONE,,,,,,NONE,,,,,,NONE,,,,,,NONE,,,,,,NONE,,,,,,NONE,,,,,,NONE,,,,,,NONE,,,,,,23,24,24,24,20,23,22,23,23,24,21,23,19,19,20,20,4,1,4,3,1,5,2,4,2,1,5,1,1,5,36,Society of Women Engineers,Society of Latinx Engineers,,,,,4,4
2018-11-30 01:47:30,2018-11-30 01:55:09,0,100,459,1,2018-11-30 01:55:10,FeshKGXTkb,,37.4235992431640625,-122.161895751953125,anonymous,EN,18,tMXSXmK90v,d57my2QjFA,DcekLY0ewm,Ybg4EJffam,,,tMXSXmK90v,d57my2QjFA,DcekLY0ewm,Ybg4EJffam,,,HTkUtR3IUF,3TiqEuGk6n,9N2vSG5XKB,RUML4LtW0i,,,NONE,,,,,,d57my2QjFA,tMXSXmK90v,DcekLY0ewm,ZtvvYEwqoQ,HTkUtR3IUF,3TiqEuGk6n,9N2vSG5XKB,tMXSXmK90v,d57my2QjFA,HTkUtR3IUF,,,9N2vSG5XKB,d57my2QjFA,tMXSXmK90v,3TiqEuGk6n,,,9N2vSG5XKB,3TiqEuGk6n,tMXSXmK90v,d57my2QjFA,,,NONE,,,,,,NONE,,,,,,tMXSXmK90v,wlePP9RE4T,xe3X2hSApt,,,,xe3X2hSApt,wlePP9RE4T,eOYabwzRNL,yrZOdNoPiU,2v6JF3DEgM,,23,21,23,24,19,24,24,21,20,21,21,21,21,21,18,19,4,2,4,4,2,3,2,4,2,4,4,1,1,5,35,Stanford Badminton Club,Stanford Dragon Boat,,,,,4,4
2018-11-30 16:46:15,2018-11-30 16:57:51,0,100,696,1,2018-11-30 16:57:52,bWke1g2Iuf,,37.4235992431640625,-122.161895751953125,anonymous,EN,18,g79hjhynXt,VHjizYJkyi,d57my2QjFA,Ugp6B5ycfU,Ybg4EJffam,ageCLhiZ5g,VHjizYJkyi,g79hjhynXt,Ugp6B5ycfU,hEGdQGMGYy,d57my2QjFA,oFmEg5VrVP,zFMIWB264U,VHjizYJkyi,g79hjhynXt,hEGdQGMGYy,cdO95waeaT,,g79hjhynXt,VHjizYJkyi,,,,,g79hjhynXt,VHjizYJkyi,OpWqm52qCB,,,,VHjizYJkyi,g79hjhynXt,cdO95waeaT,zFMIWB264U,Ugp6B5ycfU,,cdO95waeaT,VHjizYJkyi,MSo9TI3cUe,,,,VHjizYJkyi,yixMHIJuFq,zFMIWB264U,d57my2QjFA,,,UE7Jbnnv9s,RIHDZqBY8V,,,,,g79hjhynXt,VHjizYJkyi,,,,,oFmEg5VrVP,uZjDufoxPs,,,,,uZjDufoxPs,zFMIWB264U,,,,,22,21,20,23,20,23,20,23,21,23,19,19,20,20,19,19,4,3,2,3,3,4,1,3,2,1,4,2,1,3,36,Testimony,A2 Fellowship,,,,,4,4
2018-11-30 21:53:23,2018-11-30 21:58:42,0,100,318,1,2018-11-30 21:58:42,bGzZThfaQl,,37.4235992431640625,-122.161895751953125,anonymous,EN,18,Nj6Q27Doti,FeshKGXTkb,d57my2QjFA,,,,Nj6Q27Doti,,,,,,Nj6Q27Doti,,,,,,NONE,,,,,,NONE,,,,,,NONE,,,,,,NONE,,,,,,EzEKw1zpAO,,,,,,NONE,,,,,,Nj6Q27Doti,,,,,,NONE,,,,,,xe3X2hSApt,ojMKuYCNqK,43iUV5POTQ,Nj6Q27Doti,,,24,20,19,23,21,23,21,21,19,23,20,21,22,22,20,21,3,4,4,2,1,2,1,2,3,1,3,3,1,4,34,Stanford Student Space Initiative,Stanford Mens Ultimate Team,,,,,4,4
2018-11-30 22:57:02,2018-11-30 23:08:47,0,100,705,1,2018-11-30 23:08:48,tMUBxJrGJG,,37.4235992431640625,-122.161895751953125,anonymous,EN,19,qNns9pTqTK,NIh8xHqf2A,2LTY9ibUjU,,,,qNns9pTqTK,NIh8xHqf2A,2LTY9ibUjU,,,,NONE,,,,,,NONE,,,,,,qNns9pTqTK,,,,,,qNns9pTqTK,,,,,,qNns9pTqTK,,,,,,qNns9pTqTK,NIh8xHqf2A,zFMIWB264U,dmpS0CyOzE,MSo9TI3cUe,HsfezHa87a,NONE,,,,,,qNns9pTqTK,,,,,,2LTY9ibUjU,,,,,,qNns9pTqTK,2LTY9ibUjU,T8EWw5z2x6,svA4cplTNm,cdO95waeaT,cnHuPnLlYy,23,19,20,23,19,21,23,19,20,23,21,21,20,21,21,21,5,4,4,3,4,4,3,2,3,4,3,4,3,3,35,Stanford Synapse: Brain Injury Support Group,,,,,,4,4
2018-12-01 03:48:36,2018-12-01 03:58:38,0,100,602,1,2018-12-01 03:58:38,YqElUlNziS,,37.4235992431640625,-122.161895751953125,anonymous,EN,18,xe3X2hSApt,RZOCNeZDId,,,,,NONE,,,,,,S20np09g72,,,,,,NONE,,,,,,NONE,,,,,,xe3X2hSApt,,,,,,HsfezHa87a,,,,,,xe3X2hSApt,RZOCNeZDId,HsfezHa87a,LjmQYisBVp,,,NONE,,,,,,NONE,,,,,,LjmQYisBVp,,,,,,mqiYO9LP3s,LjmQYisBVp,,,,,20,23,18,24,18,23,20,22,20,22,20,21,22,22,21,21,5,3,3,2,5,5,4,2,4,2,2,3,2,2,35,Stanford Storyboard Club,Stanford Video Game Association,Other,LGBT Christian Small Group,,,4,4
2018-11-30 12:37:31,2018-12-01 14:23:57,0,100,92785,1,2018-12-01 14:23:57,VJSSqAjigS,,37.4235992431640625,-122.161895751953125,anonymous,EN,20,NONE,,,,,,NONE,,,,,,NONE,,,,,,NONE,,,,,,NONE,,,,,,NONE,,,,,,cdO95waeaT,HTkUtR3IUF,,,,,NONE,,,,,,NONE,,,,,,NONE,,,,,,NONE,,,,,,cdO95waeaT,7Fu51QKfuk,,,,,22,23,22,24,21,21,22,23,23,23,20,20,20,20,20,20,5,3,3,2,5,5,2,2,3,3,3,4,3,2,35,Other,Other,None,Stanford Softball,Frosh 101,none,4,4
2018-12-01 17:04:43,2018-12-01 17:09:34,0,100,291,1,2018-12-01 17:09:35,W4u90ar68b,,37.4235992431640625,-122.161895751953125,anonymous,EN,19,TP05RPQ6Dn,,,,,,TP05RPQ6Dn,,,,,,TP05RPQ6Dn,,,,,,TP05RPQ6Dn,,,,,,TP05RPQ6Dn,,,,,,TP05RPQ6Dn,43iUV5POTQ,,,,,43iUV5POTQ,4gbINa6DSz,TP05RPQ6Dn,,,,TP05RPQ6Dn,,,,,,NONE,,,,,,TP05RPQ6Dn,,,,,,TP05RPQ6Dn,,,,,,43iUV5POTQ,,,,,,23,23,20,24,19,21,23,21,21,21,21,21,21,21,21,21,5,1,2,5,2,4,1,4,2,1,1,1,5,5,35,"FLIP: First-Generation, Low-Income Partnership",,,,,,4,4
2018-12-01 17:05:57,2018-12-01 17:11:32,0,100,335,1,2018-12-01 17:11:33,TP05RPQ6Dn,,37.4235992431640625,-122.161895751953125,anonymous,EN,19,W4u90ar68b,,,,,,W4u90ar68b,,,,,,W4u90ar68b,,,,,,W4u90ar68b,,,,,,W4u90ar68b,,,,,,W4u90ar68b,,,,,,W4u90ar68b,,,,,,W4u90ar68b,,,,,,NONE,,,,,,W4u90ar68b,,,,,,W4u90ar68b,,,,,,W4u90ar68b,uZjDufoxPs,,,,,21,22,23,24,21,21,21,21,23,24,21,21,20,20,20,20,3,3,5,3,3,2,3,3,4,5,5,5,4,5,33,Society of Black Scientists and Engineers,None,None,,,,4,4
2018-11-29 18:24:14,2018-12-01 20:40:53,0,100,180998,1,2018-12-01 20:40:53,IhgbIsMlsE,,37.4235992431640625,-122.161895751953125,anonymous,EN,19,4JUkminEM3,DxjncaCXBa,,,,,4JUkminEM3,DxjncaCXBa,4gbINa6DSz,,,,4JUkminEM3,DxjncaCXBa,,,,,4JUkminEM3,DxjncaCXBa,,,,,4JUkminEM3,DxjncaCXBa,,,,,4JUkminEM3,DxjncaCXBa,,,,,4JUkminEM3,DxjncaCXBa,uZjDufoxPs,,,,4JUkminEM3,DxjncaCXBa,uZjDufoxPs,MSo9TI3cUe,mqiYO9LP3s,cdO95waeaT,NONE,,,,,,4JUkminEM3,DxjncaCXBa,,,,,uZjDufoxPs,OvKWMaI0QD,zFMIWB264U,,,,MSo9TI3cUe,zFMIWB264U,cdO95waeaT,OvKWMaI0QD,,,22,19,19,24,21,23,22,19,21,23,21,21,20,20,21,21,4,2,2,4,2,4,2,4,2,2,3,1,1,4,35,Stanford Student Space Initiative,Reformed University Fellowship at Stanford,Singaporeans at Stanford,,,,4,4
2018-12-02 14:07:33,2018-12-02 14:10:54,0,100,200,1,2018-12-02 14:10:55,VHjizYJkyi,,37.4235992431640625,-122.161895751953125,anonymous,EN,19,yixMHIJuFq,3vz8kuXpUz,,,,,yixMHIJuFq,uZjDufoxPs,OpWqm52qCB,,,,Sl8bkR36rX,,,,,,hEGdQGMGYy,,,,,,ojMKuYCNqK,,,,,,43iUV5POTQ,,,,,,HTkUtR3IUF,,,,,,svA4cplTNm,,,,,,wlePP9RE4T,,,,,,q52A4f8hTN,,,,,,Sl8bkR36rX,,,,,,yixMHIJuFq,,,,,,21,21,21,21,21,21,21,21,21,21,21,20,20,20,19,21,3,2,3,2,3,4,3,4,3,2,3,3,4,3,34,Stanford Student Space Initiative,Stanford Synapse: Brain Injury Support Group,Stanford Students in Applied Research,,,,4,4
2018-12-02 14:13:20,2018-12-02 14:37:29,0,100,1448,1,2018-12-02 14:37:29,UrIreYUCP7,,37.4235992431640625,-122.161895751953125,anonymous,EN,18,41On8sxDto,wEzJlSmMXA,yrZOdNoPiU,IhgbIsMlsE,cdO95waeaT,zFMIWB264U,yrZOdNoPiU,41On8sxDto,wEzJlSmMXA,zFMIWB264U,IhgbIsMlsE,2ozF12SsqR,zFMIWB264U,cdO95waeaT,LjmQYisBVp,41On8sxDto,MSo9TI3cUe,wEzJlSmMXA,41On8sxDto,wEzJlSmMXA,zFMIWB264U,cdO95waeaT,LjmQYisBVp,yrZOdNoPiU,41On8sxDto,wEzJlSmMXA,zFMIWB264U,cdO95waeaT,yrZOdNoPiU,,41On8sxDto,wEzJlSmMXA,cdO95waeaT,LjmQYisBVp,MSo9TI3cUe,HsfezHa87a,41On8sxDto,wEzJlSmMXA,cdO95waeaT,LjmQYisBVp,MSo9TI3cUe,,41On8sxDto,wEzJlSmMXA,yrZOdNoPiU,zFMIWB264U,,,NONE,,,,,,41On8sxDto,wEzJlSmMXA,,,,,cdO95waeaT,zFMIWB264U,,,,,cdO95waeaT,41On8sxDto,,,,,23,18,18,23,19,21,23,21,21,22,20,21,21,22,21,22,5,2,1,5,3,1,1,5,1,2,5,1,1,5,36,Stanford Student Space Initiative,KZSU 90.1 FM,The Stanford Happiness Collective,,,,4,4
2018-12-02 14:39:27,2018-12-02 14:50:19,0,100,651,1,2018-12-02 14:50:19,2v6JF3DEgM,,37.4235992431640625,-122.161895751953125,anonymous,EN,19,vJNFD09Q9r,wlePP9RE4T,xe3X2hSApt,RhrK04gsRR,ojMKuYCNqK,Gi3TltVJiP,wlePP9RE4T,vJNFD09Q9r,xe3X2hSApt,ojMKuYCNqK,Gi3TltVJiP,Nq5rVaQwQs,vJNFD09Q9r,ojMKuYCNqK,RhrK04gsRR,tMXSXmK90v,Gi3TltVJiP,Nq5rVaQwQs,vJNFD09Q9r,ojMKuYCNqK,RhrK04gsRR,wlePP9RE4T,Nq5rVaQwQs,xe3X2hSApt,vJNFD09Q9r,wlePP9RE4T,ojMKuYCNqK,xe3X2hSApt,ZtvvYEwqoQ,Nq5rVaQwQs,vJNFD09Q9r,wlePP9RE4T,ojMKuYCNqK,Nq5rVaQwQs,Gi3TltVJiP,xe3X2hSApt,vJNFD09Q9r,ojMKuYCNqK,Gi3TltVJiP,Nq5rVaQwQs,OpWqm52qCB,RhrK04gsRR,xe3X2hSApt,Nq5rVaQwQs,wlePP9RE4T,ojMKuYCNqK,Gi3TltVJiP,vJNFD09Q9r,YSZB8psFXt,,,,,,RhrK04gsRR,ojMKuYCNqK,vJNFD09Q9r,Nq5rVaQwQs,xe3X2hSApt,Gi3TltVJiP,Nq5rVaQwQs,xe3X2hSApt,RhrK04gsRR,,,,Nq5rVaQwQs,ojMKuYCNqK,wlePP9RE4T,,,,23,18,21,22,19,24,24,23,21,23,21,21,22,20,20,20,3,3,3,3,3,3,3,3,3,3,3,3,3,3,34,Korean Student Association at Stanford,,,,,,4,4
2018-12-02 14:44:55,2018-12-02 14:59:28,0,100,873,1,2018-12-02 14:59:28,2z4ZZbcIKj,,37.4235992431640625,-122.161895751953125,anonymous,EN,18,xe3X2hSApt,ZtvvYEwqoQ,,,,,xe3X2hSApt,ZtvvYEwqoQ,,,,,xe3X2hSApt,ZtvvYEwqoQ,,,,,xe3X2hSApt,ZtvvYEwqoQ,,,,,xe3X2hSApt,ZtvvYEwqoQ,,,,,xe3X2hSApt,ZtvvYEwqoQ,,,,,xe3X2hSApt,ZtvvYEwqoQ,,,,,xe3X2hSApt,ZtvvYEwqoQ,,,,,xe3X2hSApt,ZtvvYEwqoQ,,,,,xe3X2hSApt,ZtvvYEwqoQ,,,,,xe3X2hSApt,ZtvvYEwqoQ,,,,,xe3X2hSApt,ZtvvYEwqoQ,,,,,22,20,21,22,21,21,21,21,21,21,21,21,20,20,20,20,3,2,3,3,2,3,2,3,3,3,3,2,2,3,35,Prefer not to answer,,,,,,4,4
2018-11-29 17:51:46,2018-12-02 15:22:27,0,100,250240,1,2018-12-02 15:22:27,lVMi7uH9A1,,37.4235992431640625,-122.161895751953125,anonymous,EN,20,qpJqRblVtj,5JWVDX2oWd,Myk9z6sIcg,JKYGh18hd6,655rcW7fBy,HsfezHa87a,HsfezHa87a,5JWVDX2oWd,MSo9TI3cUe,Myk9z6sIcg,655rcW7fBy,,HsfezHa87a,qpJqRblVtj,,,,,5JWVDX2oWd,qpJqRblVtj,,,,,5JWVDX2oWd,qpJqRblVtj,HsfezHa87a,Myk9z6sIcg,tyKxYflgzB,,qpJqRblVtj,Myk9z6sIcg,5JWVDX2oWd,pIBAV3LSfI,HsfezHa87a,MSo9TI3cUe,qpJqRblVtj,93IT10wOlh,pIBAV3LSfI,MSo9TI3cUe,JKYGh18hd6,,655rcW7fBy,tyKxYflgzB,I0Uu3KnrWZ,fStlxfqOGf,eFAX7E1gsb,qpJqRblVtj,NONE,,,,,,5JWVDX2oWd,WfmSRpPuzL,Myk9z6sIcg,655rcW7fBy,HsfezHa87a,MSo9TI3cUe,tyKxYflgzB,I0Uu3KnrWZ,qpJqRblVtj,OvKWMaI0QD,uZjDufoxPs,,MSo9TI3cUe,uZjDufoxPs,I0Uu3KnrWZ,5JWVDX2oWd,cdO95waeaT,tdkzFhU6zM,20,23,20,24,,22,,,21,23,,21,20,20,20,20,4,3,3,4,2,5,1,3,1,1,1,4,4,5,36,Stanford Spoken Word Collective,Stanford Creative Writing Society,,,,,4,4
2018-12-02 15:18:50,2018-12-02 15:40:56,0,100,1325,1,2018-12-02 15:40:56,9p6AqVIeLg,,37.4235992431640625,-122.161895751953125,anonymous,EN,18,DpI62DO9wI,avWfrmpVcb,Co9YeTnNS6,a5yiN1bcH5,EzEKw1zpAO,xwDKYVEmBz,DpI62DO9wI,avWfrmpVcb,xwDKYVEmBz,a5yiN1bcH5,soYFqRQsq9,rDinQRm16W,avWfrmpVcb,a5yiN1bcH5,EzEKw1zpAO,DpI62DO9wI,Co9YeTnNS6,7Fu51QKfuk,DpI62DO9wI,avWfrmpVcb,EzEKw1zpAO,ojMKuYCNqK,a5yiN1bcH5,xwDKYVEmBz,DpI62DO9wI,avWfrmpVcb,xwDKYVEmBz,a5yiN1bcH5,EzEKw1zpAO,soYFqRQsq9,DpI62DO9wI,avWfrmpVcb,a5yiN1bcH5,EzEKw1zpAO,Co9YeTnNS6,xwDKYVEmBz,DpI62DO9wI,avWfrmpVcb,yixMHIJuFq,a5yiN1bcH5,Co9YeTnNS6,7Fu51QKfuk,DpI62DO9wI,avWfrmpVcb,wv648zSEyQ,a5yiN1bcH5,rDinQRm16W,yixMHIJuFq,tyKxYflgzB,AXMecxPlvk,BfAnw7gIq3,Gi3TltVJiP,9p6AqVIeLg,,DpI62DO9wI,avWfrmpVcb,tMXSXmK90v,xwDKYVEmBz,a5yiN1bcH5,EzEKw1zpAO,DpI62DO9wI,ojMKuYCNqK,a5yiN1bcH5,OpWqm52qCB,uZjDufoxPs,wv648zSEyQ,DpI62DO9wI,avWfrmpVcb,a5yiN1bcH5,Ugp6B5ycfU,wv648zSEyQ,ojMKuYCNqK,23,23,22,24,21,23,24,23,22,23,21,24,20,20,20,20,5,2,1,5,1,5,1,5,1,1,5,1,2,5,36,None,None,None,,,,4,4
2018-12-02 16:12:28,2018-12-02 16:43:20,0,100,1852,1,2018-12-02 16:43:20,g79hjhynXt,,37.4235992431640625,-122.161895751953125,anonymous,EN,18,csUpAYE7DS,bcXPI8Cd4j,bWke1g2Iuf,XgwDGaQZpl,Ugp6B5ycfU,rDinQRm16W,hEGdQGMGYy,Ugp6B5ycfU,bcXPI8Cd4j,bWke1g2Iuf,Nj6Q27Doti,UE7Jbnnv9s,csUpAYE7DS,43iUV5POTQ,2ozF12SsqR,,,,csUpAYE7DS,bWke1g2Iuf,bcXPI8Cd4j,rDinQRm16W,,,rDinQRm16W,bcXPI8Cd4j,csUpAYE7DS,oFmEg5VrVP,bWke1g2Iuf,,rDinQRm16W,1Fj3EmSbi9,,,,,OpWqm52qCB,csUpAYE7DS,,,,,csUpAYE7DS,rDinQRm16W,HsfezHa87a,Ugp6B5ycfU,BfAnw7gIq3,kAW4IEZq4k,yrZOdNoPiU,43iUV5POTQ,EzEKw1zpAO,,,,bcXPI8Cd4j,csUpAYE7DS,bWke1g2Iuf,,,,3vz8kuXpUz,tdkzFhU6zM,ageCLhiZ5g,,,,YSZB8psFXt,n08loMfJH7,HsfezHa87a,oFmEg5VrVP,DcekLY0ewm,3vz8kuXpUz,24,18,19,22,21,20,22,20,19,23,19,18,22,22,22,22,4,2,2,4,2,2,2,4,2,1,4,1,1,5,36,InterVarsity Christian Fellowship,A2 Fellowship,Stanford University Mathematical Organization,,,,4,4
2018-12-02 17:24:28,2018-12-02 17:33:01,0,100,513,1,2018-12-02 17:33:02,cnHuPnLlYy,,37.4235992431640625,-122.161895751953125,anonymous,EN,20,9N2vSG5XKB,9c55oZo4RA,hJLxVK2RIn,,,,NONE,,,,,,hJLxVK2RIn,MSo9TI3cUe,PmaUhQrutt,2hgmg1AtyW,,,MSo9TI3cUe,,,,,,hJLxVK2RIn,,,,,,hJLxVK2RIn,PmaUhQrutt,9N2vSG5XKB,,,,hJLxVK2RIn,,,,,,9c55oZo4RA,,,,,,PmaUhQrutt,,,,,,PmaUhQrutt,,,,,,NONE,,,,,,NONE,,,,,,22,18,18,24,18,24,22,21,18,24,18,24,21,21,18,18,5,3,4,2,3,4,1,3,5,5,5,5,3,5,36,Muslim Student Union,Stanford University Physics Society,Physics Undergraduate Women and Gender Minorities at Stanford,,,,4,4
2018-12-02 17:37:10,2018-12-02 17:40:29,0,100,198,1,2018-12-02 17:40:30,PmaUhQrutt,,37.4235992431640625,-122.161895751953125,anonymous,EN,24,NONE,,,,,,NONE,,,,,,NONE,,,,,,NONE,,,,,,NONE,,,,,,NONE,,,,,,none,,,,,,NONE,,,,,,NONE,,,,,,NONE,,,,,,NONE,,,,,,NONE,,,,,,21,21,21,24,21,21,21,21,21,24,21,21,20,20,20,20,1,1,1,1,1,1,1,1,1,1,1,1,1,1,34,None,None,None,,,,4,4
2018-12-02 18:50:55,2018-12-02 19:13:40,0,100,1365,1,2018-12-02 19:13:40,DpI62DO9wI,,37.4235992431640625,-122.161895751953125,anonymous,EN,18,xwDKYVEmBz,avWfrmpVcb,9p6AqVIeLg,a5yiN1bcH5,C5coo7JHBK,soYFqRQsq9,9p6AqVIeLg,avWfrmpVcb,xwDKYVEmBz,a5yiN1bcH5,C5coo7JHBK,EzEKw1zpAO,9p6AqVIeLg,xwDKYVEmBz,avWfrmpVcb,a5yiN1bcH5,C5coo7JHBK,soYFqRQsq9,9p6AqVIeLg,avWfrmpVcb,xwDKYVEmBz,C5coo7JHBK,a5yiN1bcH5,,avWfrmpVcb,xwDKYVEmBz,9p6AqVIeLg,a5yiN1bcH5,,,9p6AqVIeLg,a5yiN1bcH5,,,,,9p6AqVIeLg,avWfrmpVcb,a5yiN1bcH5,xwDKYVEmBz,,,avWfrmpVcb,xwDKYVEmBz,9p6AqVIeLg,mqiYO9LP3s,wv648zSEyQ,,9p6AqVIeLg,OpWqm52qCB,VHjizYJkyi,,,,avWfrmpVcb,9p6AqVIeLg,xwDKYVEmBz,,,,DpI62DO9wI,wv648zSEyQ,,,,,Ugp6B5ycfU,mqiYO9LP3s,avWfrmpVcb,a5yiN1bcH5,7Fu51QKfuk,LjmQYisBVp,23,23,23,24,21,24,23,23,21,24,21,21,21,21,21,21,3,1,2,3,2,5,4,3,2,2,4,1,2,3,34,Prefer not to answer,,,,,,4,4
2018-12-02 21:41:44,2018-12-02 22:04:56,0,100,1392,1,2018-12-02 22:04:56,GYXRbxdYcl,,37.4235992431640625,-122.161895751953125,anonymous,EN,18,cdO95waeaT,zFMIWB264U,svA4cplTNm,yrZOdNoPiU,yixMHIJuFq,30pns63Ej7,T8EWw5z2x6,OpWqm52qCB,mqiYO9LP3s,DxjncaCXBa,svA4cplTNm,yrZOdNoPiU,zFMIWB264U,cdO95waeaT,DxjncaCXBa,,,,cdO95waeaT,zFMIWB264U,,,,,cdO95waeaT,zFMIWB264U,svA4cplTNm,OpWqm52qCB,T8EWw5z2x6,Nq5rVaQwQs,T8EWw5z2x6,OpWqm52qCB,DxjncaCXBa,cdO95waeaT,S20np09g72,,OpWqm52qCB,T8EWw5z2x6,S20np09g72,,,,OpWqm52qCB,T8EWw5z2x6,S20np09g72,,,,NONE,,,,,,OpWqm52qCB,T8EWw5z2x6,,,,,Nq5rVaQwQs,,,,,,cdO95waeaT,zFMIWB264U,HsfezHa87a,,,,21,23,23,23,19,21,21,20,20,21,21,21,18,18,20,20,4,2,5,1,3,1,3,3,4,4,3,1,1,4,36,The Stanford Daily,Other,Other,SHIFT,,,4,4
2018-12-02 22:38:13,2018-12-02 22:46:06,0,100,473,1,2018-12-02 22:46:06,soYFqRQsq9,,37.4235992431640625,-122.161895751953125,anonymous,EN,20,XgwDGaQZpl,g1LhdTmUmN,9p6AqVIeLg,BfSPfjdsJY,,,XgwDGaQZpl,g1LhdTmUmN,9p6AqVIeLg,,,,7Fu51QKfuk,,,,,,7Fu51QKfuk,9p6AqVIeLg,,,,,9p6AqVIeLg,XgwDGaQZpl,,,,,XgwDGaQZpl,9p6AqVIeLg,,,,,NONE,,,,,,9p6AqVIeLg,XgwDGaQZpl,,,,,NONE,,,,,,XgwDGaQZpl,9p6AqVIeLg,,,,,XgwDGaQZpl,,,,,,7Fu51QKfuk,,,,,,21,19,19,20,21,21,21,20,20,21,21,22,20,20,18,18,3,2,3,3,3,3,3,3,2,2,3,2,2,3,34,Stanford Robotics Club,Rabbit Hole VR,,,,,4,4
2018-12-03 00:18:30,2018-12-03 00:27:54,0,100,563,1,2018-12-03 00:27:54,GqjwkdhaQx,,37.4235992431640625,-122.161895751953125,anonymous,EN,20,cnHuPnLlYy,AEAglbrVuK,RUML4LtW0i,HsfezHa87a,hv7YuTGQtf,9DEKFJTN4k,cnHuPnLlYy,AEAglbrVuK,RUML4LtW0i,DcekLY0ewm,,,cnHuPnLlYy,AEAglbrVuK,RUML4LtW0i,,,,cnHuPnLlYy,,,,,,cnHuPnLlYy,HsfezHa87a,,,,,cnHuPnLlYy,AEAglbrVuK,,,,,cnHuPnLlYy,HsfezHa87a,hv7YuTGQtf,,,,cnHuPnLlYy,,,,,,655rcW7fBy,U1rBD62KJE,,,,,cnHuPnLlYy,,,,,,RUML4LtW0i,7Fu51QKfuk,hv7YuTGQtf,,,,cnHuPnLlYy,7Fu51QKfuk,HsfezHa87a,,,,21,19,22,23,19,20,20,19,21,24,19,21,20,21,20,20,3,3,3,2,3,3,1,3,3,3,2,4,3,2,35,Hong Kong Student Association,Stanford University Mathematical Organization,Stanford Chinese Music Ensemble,,,,4,4
2018-12-03 11:04:47,2018-12-03 11:12:50,0,100,482,1,2018-12-03 11:12:51,30pns63Ej7,,37.4235992431640625,-122.161895751953125,anonymous,EN,18,WRhoFXozqP,OpWqm52qCB,T8EWw5z2x6,305lYtmCXG,,,WRhoFXozqP,305lYtmCXG,,,,,WRhoFXozqP,,,,,,WRhoFXozqP,305lYtmCXG,,,,,WRhoFXozqP,305lYtmCXG,,,,,WRhoFXozqP,OpWqm52qCB,305lYtmCXG,,,,WRhoFXozqP,,,,,,WRhoFXozqP,,,,,,gwbuiSH4jb,,,,,,,WRhoFXozqP,,,,,305lYtmCXG,,,,,,OpWqm52qCB,,,,,,21,20,21,23,18,23,21,21,21,21,21,21,20,20,20,19,3,2,3,2,1,3,1,2,2,2,3,1,2,4,35,Basmati Raas,,,,,,4,4
2018-11-29 17:52:01,2018-12-03 11:54:47,0,100,324166,1,2018-12-03 11:54:48,OlIsJ2hmis,,37.4235992431640625,-122.161895751953125,anonymous,EN,18,30pns63Ej7,MSo9TI3cUe,3AAGUxui1L,yixMHIJuFq,,,30pns63Ej7,Sl8bkR36rX,,,,,MSo9TI3cUe,Sl8bkR36rX,,3AAGUxui1L,,,30pns63Ej7,,,MSo9TI3cUe,,,MSo9TI3cUe,,,,,,,,,MSo9TI3cUe,,,,,30pns63Ej7,,,,,,,30pns63Ej7,,,,,30pns63Ej7,,,,,,30pns63Ej7,,,,,,,yixMHIJuFq,,,,,,,3AAGUxui1L,,18,22,22,20,22,20,19,24,24,23,23,23,21,22,21,22,5,5,5,5,5,5,5,5,5,5,5,5,5,5,36,"Aisthesis, Stanford Undergraduate Journal of Classical Studies",Aiki Association of Stanford,Adventist,,,,4,4
2018-12-03 13:07:41,2018-12-03 13:24:16,0,100,995,1,2018-12-03 13:24:16,1a4mxEqd5V,,37.4235992431640625,-122.161895751953125,anonymous,EN,19,4MekWTlsEc,RIHDZqBY8V,ZvNLxUauGr,G5PIoRIPAh,ojMKuYCNqK,,4MekWTlsEc,RIHDZqBY8V,G5PIoRIPAh,ZvNLxUauGr,,,RIHDZqBY8V,G5PIoRIPAh,VHjizYJkyi,4MekWTlsEc,,,RIHDZqBY8V,4MekWTlsEc,,,,,RIHDZqBY8V,4MekWTlsEc,ZvNLxUauGr,G5PIoRIPAh,,,RIHDZqBY8V,4MekWTlsEc,ZvNLxUauGr,,,,OpWqm52qCB,MSo9TI3cUe,HsfezHa87a,RIHDZqBY8V,,,RIHDZqBY8V,ZvNLxUauGr,4MekWTlsEc,G5PIoRIPAh,VHjizYJkyi,ojMKuYCNqK,NONE,,,,,,ZvNLxUauGr,4MekWTlsEc,RIHDZqBY8V,,,,4MekWTlsEc,VHjizYJkyi,RIHDZqBY8V,,,,ZvNLxUauGr,VHjizYJkyi,HsfezHa87a,ojMKuYCNqK,,,24,20,20,23,21,23,23,20,22,23,20,22,22,20,21,19,3,4,3,3,4,2,2,4,4,2,5,4,3,3,33,None,,,,,,4,4
2018-12-03 14:46:57,2018-12-03 15:00:28,0,100,810,1,2018-12-03 15:00:29,Pi37Q3OcYH,,37.4235992431640625,-122.161895751953125,anonymous,EN,18,bcXPI8Cd4j,zFMIWB264U,wEzJlSmMXA,41On8sxDto,kRuX5v4BMT,yrZOdNoPiU,bcXPI8Cd4j,zFMIWB264U,wEzJlSmMXA,41On8sxDto,kRuX5v4BMT,yrZOdNoPiU,bcXPI8Cd4j,wEzJlSmMXA,zFMIWB264U,41On8sxDto,,,bcXPI8Cd4j,zFMIWB264U,,,,,zFMIWB264U,bcXPI8Cd4j,wEzJlSmMXA,41On8sxDto,,,zFMIWB264U,bcXPI8Cd4j,wEzJlSmMXA,,,,zFMIWB264U,bcXPI8Cd4j,,,,,zFMIWB264U,bcXPI8Cd4j,wEzJlSmMXA,41On8sxDto,kRuX5v4BMT,yrZOdNoPiU,NONE,,,,,,wEzJlSmMXA,41On8sxDto,bcXPI8Cd4j,,,,kRuX5v4BMT,zFMIWB264U,,,,,zFMIWB264U,kRuX5v4BMT,yrZOdNoPiU,wEzJlSmMXA,41On8sxDto,bcXPI8Cd4j,23,23,20,23,21,24,23,24,21,23,21,24,18,19,19,19,1,5,3,2,2,3,3,2,2,1,3,4,3,2,35,Stanford Club Swimming,None,None,,,,4,4
2018-11-30 03:05:08,2018-12-05 02:19:57,0,100,429288,1,2018-12-05 02:19:57,hJLxVK2RIn,,37.4235992431640625,-122.161895751953125,anonymous,EN,19,9c55oZo4RA,xOjTqPyXaA,ytOMF7QQDC,X0glhRvEc2,cnHuPnLlYy,9N2vSG5XKB,9c55oZo4RA,ytOMF7QQDC,xOjTqPyXaA,X0glhRvEc2,5JWVDX2oWd,8jlNXjFFzy,9c55oZo4RA,X0glhRvEc2,655rcW7fBy,Pimj510y5T,HsfezHa87a,cnHuPnLlYy,9c55oZo4RA,X0glhRvEc2,cnHuPnLlYy,ytOMF7QQDC,xOjTqPyXaA,9N2vSG5XKB,9c55oZo4RA,X0glhRvEc2,9N2vSG5XKB,ytOMF7QQDC,xOjTqPyXaA,,9c55oZo4RA,ytOMF7QQDC,xOjTqPyXaA,9N2vSG5XKB,X0glhRvEc2,cnHuPnLlYy,9c55oZo4RA,PmaUhQrutt,X0glhRvEc2,cnHuPnLlYy,,,9c55oZo4RA,X0glhRvEc2,655rcW7fBy,ytOMF7QQDC,xOjTqPyXaA,9N2vSG5XKB,NONE,,,,,,9c55oZo4RA,ytOMF7QQDC,xOjTqPyXaA,X0glhRvEc2,PmaUhQrutt,cnHuPnLlYy,9c55oZo4RA,cnHuPnLlYy,X0glhRvEc2,,,,655rcW7fBy,5JWVDX2oWd,X0glhRvEc2,tdkzFhU6zM,ytOMF7QQDC,xOjTqPyXaA,23,24,19,24,18,24,19,20,21,23,18,23,21,21,22,22,5,2,5,3,2,4,1,3,2,1,4,2,1,5,36,Tutoring for Community,,,,,,4,4
2018-11-25 15:46:48,2018-11-25 17:13:58,0,88,5229,0,2018-12-06 01:21:00,yixMHIJuFq,,,,anonymous,EN,18,OpWqm52qCB,uZjDufoxPs,ZvNLxUauGr,Nq5rVaQwQs,T8EWw5z2x6,wlePP9RE4T,Nq5rVaQwQs,uZjDufoxPs,OpWqm52qCB,RhrK04gsRR,,,uZjDufoxPs,yixMHIJuFq,,,,,yixMHIJuFq,,,,,,OpWqm52qCB,,,,,,cdO95waeaT,OpWqm52qCB,uZjDufoxPs,,,,eOYabwzRNL,,,,,,yixMHIJuFq,xwDKYVEmBz,zFMIWB264U,,,,OvKWMaI0QD,OlIsJ2hmis,DpI62DO9wI,,,,None,,,,,,NONE,,,,,,zFMIWB264U,,,,,,23,19,19,23,,22,23,21,20,20,20,20,21,21,21,21,,,,,,,,,,,,,,,,,,,,,,4,4
2018-11-29 19:02:10,2018-11-29 19:02:29,8,5,18,0,2018-12-06 01:21:05,Ox2D0RqGO3,,,,anonymous,EN,19,,,,,,,,,,,,,,,,,,,,,,,,,,,,,,,,,,,,,,,,,,,,,,,,,,,,,,,,,,,,,,,,,,,,,,,,,,,,,,,,,,,,,,,,,,,,,,,,,,,,,,,,,,,,,,4,4
2018-11-25 18:32:28,2018-11-25 18:34:03,8,5,95,0,2018-12-06 01:21:06,o1IARQfbMO,,,,anonymous,EN,18,,,,,,,,,,,,,,,,,,,,,,,,,,,,,,,,,,,,,,,,,,,,,,,,,,,,,,,,,,,,,,,,,,,,,,,,,,,,,,,,,,,,,,,,,,,,,,,,,,,,,,,,,,,,,,4,4
2018-11-29 17:53:11,2018-11-29 17:53:46,0,5,35,0,2018-12-06 01:21:07,GqjwkdhaQx,,,,anonymous,EN,20,,,,,,,,,,,,,,,,,,,,,,,,,,,,,,,,,,,,,,,,,,,,,,,,,,,,,,,,,,,,,,,,,,,,,,,,,,,,,,,,,,,,,,,,,,,,,,,,,,,,,,,,,,,,,,4,4
2018-12-01 16:54:36,2018-12-01 16:55:48,8,5,71,0,2018-12-06 01:21:07,49l91ISlZi,,,,anonymous,EN,18,,,,,,,,,,,,,,,,,,,,,,,,,,,,,,,,,,,,,,,,,,,,,,,,,,,,,,,,,,,,,,,,,,,,,,,,,,,,,,,,,,,,,,,,,,,,,,,,,,,,,,,,,,,,,,4,4
2018-12-02 14:38:00,2018-12-02 14:38:28,8,5,28,0,2018-12-06 01:21:08,Pi37Q3OcYH,,,,anonymous,EN,18,,,,,,,,,,,,,,,,,,,,,,,,,,,,,,,,,,,,,,,,,,,,,,,,,,,,,,,,,,,,,,,,,,,,,,,,,,,,,,,,,,,,,,,,,,,,,,,,,,,,,,,,,,,,,,4,4
2018-12-03 00:25:32,2018-12-03 00:25:56,0,5,24,0,2018-12-06 01:21:08,zqAoayRWnD,,,,anonymous,EN,19,,,,,,,,,,,,,,,,,,,,,,,,,,,,,,,,,,,,,,,,,,,,,,,,,,,,,,,,,,,,,,,,,,,,,,,,,,,,,,,,,,,,,,,,,,,,,,,,,,,,,,,,,,,,,,4,4
2018-11-29 20:22:15,2018-11-29 20:22:38,8,5,22,0,2018-12-06 01:21:09,tMXSXmK90v,,,,anonymous,EN,18,,,,,,,,,,,,,,,,,,,,,,,,,,,,,,,,,,,,,,,,,,,,,,,,,,,,,,,,,,,,,,,,,,,,,,,,,,,,,,,,,,,,,,,,,,,,,,,,,,,,,,,,,,,,,,4,4
2018-12-02 14:00:59,2018-12-02 14:01:43,0,3,43,0,2018-12-06 01:21:12,dmpS0CyOzE,,,,anonymous,EN,18,,,,,,,,,,,,,,,,,,,,,,,,,,,,,,,,,,,,,,,,,,,,,,,,,,,,,,,,,,,,,,,,,,,,,,,,,,,,,,,,,,,,,,,,,,,,,,,,,,,,,,,,,,,,,,4,4
2018-11-26 19:02:12,2018-11-26 19:02:40,8,5,27,0,2018-12-06 01:21:14,wlePP9RE4T,,,,anonymous,EN,18,,,,,,,,,,,,,,,,,,,,,,,,,,,,,,,,,,,,,,,,,,,,,,,,,,,,,,,,,,,,,,,,,,,,,,,,,,,,,,,,,,,,,,,,,,,,,,,,,,,,,,,,,,,,,,4,4
2018-12-02 14:12:04,2018-12-02 14:12:33,0,5,28,0,2018-12-06 01:21:16,kAW4IEZq4k,,,,anonymous,EN,19,,,,,,,,,,,,,,,,,,,,,,,,,,,,,,,,,,,,,,,,,,,,,,,,,,,,,,,,,,,,,,,,,,,,,,,,,,,,,,,,,,,,,,,,,,,,,,,,,,,,,,,,,,,,,,4,4
2018-12-02 15:50:42,2018-12-02 15:50:56,0,3,14,0,2018-12-06 01:21:18,Nj6Q27Doti,,,,anonymous,EN,19,,,,,,,,,,,,,,,,,,,,,,,,,,,,,,,,,,,,,,,,,,,,,,,,,,,,,,,,,,,,,,,,,,,,,,,,,,,,,,,,,,,,,,,,,,,,,,,,,,,,,,,,,,,,,,4,4
2018-11-25 15:47:41,2018-11-25 15:58:52,0,5,671,0,2018-12-06 01:21:21,43iUV5POTQ,,,,anonymous,EN,18,,,,,,,,,,,,,,,,,,,,,,,,,,,,,,,,,,,,,,,,,,,,,,,,,,,,,,,,,,,,,,,,,,,,,,,,,,,,,,,,,,,,,,,,,,,,,,,,,,,,,,,,,,,,,,4,4
2018-11-30 10:48:45,2018-11-30 10:49:12,0,5,26,0,2018-12-06 01:21:21,uZjDufoxPs,,,,anonymous,EN,18,,,,,,,,,,,,,,,,,,,,,,,,,,,,,,,,,,,,,,,,,,,,,,,,,,,,,,,,,,,,,,,,,,,,,,,,,,,,,,,,,,,,,,,,,,,,,,,,,,,,,,,,,,,,,,4,4
2018-11-25 23:52:29,2018-11-25 23:56:26,8,5,236,0,2018-12-06 01:21:21,avWfrmpVcb,,,,anonymous,EN,18,,,,,,,,,,,,,,,,,,,,,,,,,,,,,,,,,,,,,,,,,,,,,,,,,,,,,,,,,,,,,,,,,,,,,,,,,,,,,,,,,,,,,,,,,,,,,,,,,,,,,,,,,,,,,,4,4
2018-12-02 14:57:09,2018-12-02 14:57:29,0,5,19,0,2018-12-06 01:21:21,5FHxCYhMDn,,,,anonymous,EN,18,,,,,,,,,,,,,,,,,,,,,,,,,,,,,,,,,,,,,,,,,,,,,,,,,,,,,,,,,,,,,,,,,,,,,,,,,,,,,,,,,,,,,,,,,,,,,,,,,,,,,,,,,,,,,,4,4
2018-11-28 23:11:42,2018-12-01 17:58:18,8,3,240396,0,2018-12-06 01:21:21,g79hjhynXt,,,,anonymous,EN,18,,,,,,,,,,,,,,,,,,,,,,,,,,,,,,,,,,,,,,,,,,,,,,,,,,,,,,,,,,,,,,,,,,,,,,,,,,,,,,,,,,,,,,,,,,,,,,,,,,,,,,,,,,,,,,4,4
2018-12-02 17:03:28,2018-12-02 17:04:07,8,5,38,0,2018-12-06 01:21:22,gwbuiSH4jb,,,,anonymous,EN,18,,,,,,,,,,,,,,,,,,,,,,,,,,,,,,,,,,,,,,,,,,,,,,,,,,,,,,,,,,,,,,,,,,,,,,,,,,,,,,,,,,,,,,,,,,,,,,,,,,,,,,,,,,,,,,4,4
2018-11-29 18:03:03,2018-11-29 18:03:27,0,3,24,0,2018-12-06 01:21:29,qpJqRblVtj,,,,anonymous,EN,19,,,,,,,,,,,,,,,,,,,,,,,,,,,,,,,,,,,,,,,,,,,,,,,,,,,,,,,,,,,,,,,,,,,,,,,,,,,,,,,,,,,,,,,,,,,,,,,,,,,,,,,,,,,,,,4,4
2018-11-30 19:35:17,2018-11-30 19:35:41,0,3,24,0,2018-12-06 01:21:30,bGzZThfaQl,,,,anonymous,EN,18,,,,,,,,,,,,,,,,,,,,,,,,,,,,,,,,,,,,,,,,,,,,,,,,,,,,,,,,,,,,,,,,,,,,,,,,,,,,,,,,,,,,,,,,,,,,,,,,,,,,,,,,,,,,,,4,4
2018-12-02 14:34:12,2018-12-02 14:35:38,8,5,85,0,2018-12-06 01:21:30,Sl8bkR36rX,,,,anonymous,EN,18,,,,,,,,,,,,,,,,,,,,,,,,,,,,,,,,,,,,,,,,,,,,,,,,,,,,,,,,,,,,,,,,,,,,,,,,,,,,,,,,,,,,,,,,,,,,,,,,,,,,,,,,,,,,,,4,4
2018-12-02 20:49:51,2018-12-02 20:50:52,8,5,61,0,2018-12-06 01:21:31,eFAX7E1gsb,,,,anonymous,EN,19,,,,,,,,,,,,,,,,,,,,,,,,,,,,,,,,,,,,,,,,,,,,,,,,,,,,,,,,,,,,,,,,,,,,,,,,,,,,,,,,,,,,,,,,,,,,,,,,,,,,,,,,,,,,,,4,4
